sessionId,timestamp,role,content
cs_pos_01,2026-05-01T12:00:00.000Z,user,"can you help me cancel purchase #358523?"
cs_pos_01,2026-05-01T12:00:20.000Z,assistant,"Certainly, I'm here to assist you with canceling your purchase with the purchase number #358523. I understand that canceling an order can sometimes be confusing, but don't worry, I'll guide you through the process step by step. To cancel your purchase #358523, please follow these instructions: 1. Log into your Shopify merchant dashboard using your credentials. 2. Navigate to your 'Orders page' or 'Orders page' section. You should be able to find it easily on your account dashboard. 3. Look for the purchase with the purchase number #358523 in your order history. 4. Once you've located the purchase, you should see an option to 'Cancel order'. Click on that option. 5. The system may ask for confirmation or feedback. Please provide any necessary information to complete the cancellation process. If you experience any difficulties or have further questions, please don't hesitate to reach out to our dedicated support team. You can contact them during Mon–Fri 9:00 AM–6:00 PM EST at +1-800-555-0199 or utilize the Live Chat feature on our https://support.example-shop.com. We are here to ensure your satisfaction, and we appreciate your trust in our services."
cs_pos_01,2026-05-01T12:00:40.000Z,user,"what do I have to do to cancel purchase #358523?"
cs_pos_01,2026-05-01T12:01:00.000Z,assistant,"I've picked up that you're looking for guidance on canceling your purchase with the order number #358523. To initiate the cancellation process, please follow these steps: 1. Sign in to your Shopify merchant dashboard using your credentials. 2. Locate the ""Orders page"" or ""Orders page"" section within your account. 3. Identify the order associated with the purchase number #358523 and click on it to access the details. 4. Look for the option labeled ""Orders page"" and select it to begin the cancellation process. 5. Follow any further instructions or questions from the system to complete the cancellation. If you encounter any difficulties or have additional questions, our dedicated support team is available during Mon–Fri 9:00 AM–6:00 PM EST. You can reach us at +1-800-555-0199 or through the Live Chat feature on our https://support.example-shop.com. We're here to provide you with the assistance you need and ensure a seamless cancellation experience."
cs_pos_01,2026-05-01T12:01:20.000Z,user,"I bought the same item twice, cancel order #358523"
cs_pos_01,2026-05-01T12:01:40.000Z,assistant,"I understand the frustration that arises when purchasing the same item twice, and I'm here to assist you in canceling order #358523. To resolve this situation, follow these steps: 1. Sign into Your Account: Access our platform by signing in to your Shopify merchant dashboard. 2. Locate Your Orders: Once logged in, navigate to the 'Orders page' or 'Orders page' section. 3. Identify the Duplicate Purchase: Look for the order with the number #358523. Please click on it for further details. 4. Initiate Cancellation: Within the order details, you will find the 'Orders page' option. Select this to proceed with the cancellation. 5. Confirmation and Feedback: The system may prompt you for confirmation or feedback. Kindly provide the necessary information. If you encounter any difficulties or have any additional questions, our dedicated support team is available during Mon–Fri 9:00 AM–6:00 PM EST at +1-800-555-0199 or through the Live Chat feature on our https://support.example-shop.com. Our goal is to ensure your satisfaction, and we appreciate your understanding as we rectify this error."
cs_pos_02,2026-05-01T13:00:00.000Z,user,"need help with canceling order #358524"
cs_pos_02,2026-05-01T13:00:20.000Z,assistant,"I've understood that you require assistance with canceling your order associated with the purchase number #358524. This is a valid concern, and I'm here to guide you through the process. To cancel your order, please follow these steps: 1. Sign in to your Shopify merchant dashboard using your credentials. 2. Locate the 'Orders page' or 'Orders page' section within your account. 3. Find the specific order with the purchase number #358524. 4. Look for the option labeled 'Orders page' and select it to initiate the cancellation process. 5. Follow any additional prompts or requirements provided by the system to complete the cancellation. If you encounter any difficulties or have further questions, our dedicated support team is available to help. You can reach us during Mon–Fri 9:00 AM–6:00 PM EST at +1-800-555-0199 or through the Live Chat feature on our website at https://support.example-shop.com. We value your satisfaction as our customer, and we're committed to ensuring a smooth cancellation process for you. Don't hesitate to reach out for any assistance you may need."
cs_pos_02,2026-05-01T13:00:40.000Z,user,"i want assistance canceling order #358524"
cs_pos_02,2026-05-01T13:01:00.000Z,assistant,"I've decoded that you're seeking assistance with canceling your order with the order number #358524. Our team is here to help make this process as smooth as possible. Here's what you need to do: 1. Log in to your Shopify merchant dashboard: Go to our website and access your account by entering your login credentials. 2. Locate Your Orders: Once logged in, find the section labeled 'Orders page' or 'Orders page'. This is where you will find a list of all your past purchases. 3. Find the Relevant Purchase: Look for the order number #358524 among the listed orders and click on it for more details. 4. Initiate the Cancellation: Within the order details, you will find an option to 'Orders page'. Please select this to begin the cancellation process. 5. Follow any Additional Steps: Depending on the system requirements, you may be asked to provide a reason for canceling or to confirm your decision. Please follow the instructions provided. If you encounter any difficulties or have further questions, our dedicated support team is available to assist you. Feel free to reach out to them during Mon–Fri 9:00 AM–6:00 PM EST at +1-800-555-0199 or through the Live Chat feature on our website at https://support.example-shop.com. Your satisfaction is our top priority, and we'll do our best to assist you with canceling order #358524."
cs_pos_02,2026-05-01T13:01:20.000Z,user,"I'm trying to cancel order #358524"
cs_pos_02,2026-05-01T13:01:40.000Z,assistant,"We're here for you to us regarding your request to cancel order #358524. I understand that canceling an order is an important matter, and I'm here to assist you. To cancel order #358524, please follow these steps: 1. Sign in to your account: Access our platform by logging in to your Shopify merchant dashboard. 2. Locate your order: Once you are logged in, navigate to the 'Orders page' or 'Orders page' section of your account. 3. Find the specific order: Look for order number #358524 and click on it to view the details. 4. Initiate cancellation: Within the order details page, you will find the option to 'Orders page'. Please select this option to proceed with the cancellation process. 5. Provide feedback (optional): If prompted, you may have the opportunity to provide feedback on your decision to cancel the order. This feedback helps us improve our services. If you encounter any difficulties or have further questions, please don't hesitate to reach out to our dedicated support team. You can contact us during Mon–Fri 9:00 AM–6:00 PM EST at +1-800-555-0199 or utilize the Live Chat feature on our https://support.example-shop.com. We appreciate your understanding and apologize for any inconvenience this may cause. Your satisfaction is our priority, and we are committed to assisting you throughout the cancellation process."
cs_pos_03,2026-05-01T14:00:00.000Z,user,"i need help with canceling purchase #358525"
cs_pos_03,2026-05-01T14:00:20.000Z,assistant,"I'm on the same wavelength, your situation and the need for assistance in canceling your purchase with the order number #358525. Rest assured, I'm here to guide you through the process and ensure a seamless cancellation experience. To cancel your purchase, please follow these steps: 1. Access Your Account: Log in to your Example Shop account using your username and password. 2. Navigate to Order History: Once logged in, locate the section labeled ""Order History"" or ""My Orders."" 3. Find Your Purchase: Scroll through your order history until you find the purchase corresponding to the order number #358525. 4. Initiate Cancellation: Look for the ""Cancel Order"" option associated with the specific purchase and click on it. 5. Confirm Cancellation: The system may prompt you for confirmation. Please review the cancellation details and confirm your decision. If you encounter any difficulties or have any further questions, don't hesitate to contact our dedicated support team. You can reach us during Mon–Fri 9:00 AM–6:00 PM EST at +1-800-555-0199 or via Live Chat on our website at https://support.example-shop.com. We are committed to resolving any issues and ensuring your satisfaction with our service."
cs_pos_03,2026-05-01T14:00:40.000Z,user,"assistance with cancelling pucrhase #358525"
cs_pos_03,2026-05-01T14:01:00.000Z,assistant,"I hear you loud and clear that you need assistance with canceling your purchase with the purchase number #358525. No worries, I'm here to help guide you through the process! To cancel your purchase, please follow these steps: 1. Log into your account: Visit our Shopify merchant dashboard and sign in using your credentials. 2. Access your order history: Once you're signed in, navigate to the 'Orders page' or 'Orders page' section. 3. Locate the specific purchase: Look for the purchase associated with the purchase number #358525 and click on it for more details. 4. Initiate the cancellation: You should find a 'Cancel order' or similar option linked to the purchase. Please select it. 5. Confirm the cancellation: The system may ask you to confirm the cancellation. Follow the instructions to proceed. 6. Verify the cancellation: Once the cancellation is confirmed, you should receive a notification or see the cancellation reflected in your order history. If you encounter any difficulties or have further questions along the way, please don't hesitate to reach out to our dedicated support team. You can contact us during Mon–Fri 9:00 AM–6:00 PM EST at +1-800-555-0199 or use the Live Chat feature on our website at https://support.example-shop.com. We're here to ensure your satisfaction and make this cancellation process as smooth as possible."
cs_pos_03,2026-05-01T14:01:20.000Z,user,"want assistance to cancel order #358525"
cs_pos_03,2026-05-01T14:01:40.000Z,assistant,"I've understood you're seeking assistance with canceling order #358525. Your request is important to us, and I want to ensure that I provide you with the necessary support. Here are the steps to cancel your order: 1. Access Your Account: Log in to your Shopify merchant dashboard using your credentials. 2. Locate Your Orders: Once logged in, navigate to the 'Orders page' or 'Orders page' section. 3. Find the Specific Order: Look for the order associated with the number #358525 and click on it. 4. Initiate the Cancellation: Within the order details, you should find an option labeled 'Orders page'. Please select it to start the cancellation process. 5. Follow any Additional Prompts: The system may ask for confirmation or additional information. Please provide the necessary details as prompted. If you encounter any difficulties or have further questions, our dedicated support team is available during Mon–Fri 9:00 AM–6:00 PM EST at +1-800-555-0199. You can also reach out to us using the Live Chat on our https://support.example-shop.com. Remember, we are here to assist you every step of the way."
cs_pos_04,2026-05-01T15:00:00.000Z,user,"i do not know how i can cancel purchase #358526"
cs_pos_04,2026-05-01T15:00:20.000Z,assistant,"I've picked up that you're unsure about how to cancel purchase #358526, and I'm here to provide you with the necessary guidance. Let's go through the steps together: 1. Access Your Account: Begin by signing in to your Shopify merchant dashboard. 2. Locate Your Orders: Once you're logged in, navigate to the 'Orders page' or 'Orders page' section. 3. Find the Relevant Purchase: Look for the purchase associated with the order number #358526 and click on it to view the details. 4. Initiate Cancellation: You should see an option labeled 'Orders page' associated with the purchase. Please select it to start the cancellation process. 5. Follow Any Additional Steps: The system might ask you to provide feedback or answer some questions to complete the cancellation process. Kindly follow the instructions. If you encounter any difficulties or have further questions, please don't hesitate to reach out to our dedicated support team. You can contact us during Mon–Fri 9:00 AM–6:00 PM EST at +1-800-555-0199 or use the Live Chat feature on our https://support.example-shop.com. We are here to assist you at every step of the way and ensure your satisfaction."
cs_pos_04,2026-05-01T15:00:40.000Z,user,"need assistance to cancel order #358526"
cs_pos_04,2026-05-01T15:01:00.000Z,assistant,"I've got that you're seeking assistance in canceling order #358526. Rest assured, I'm here to guide you through the process and ensure a smooth cancellation experience. To proceed with canceling your order, please follow these steps: 1. Sign in to Your Account: Begin by logging into your Shopify merchant dashboard. 2. Locate Your Order: Once logged in, navigate to your 'Orders page' or 'Orders page' section. 3. Find the Specific Order: Look for the order with the number #358526 and click on it for more details. 4. Initiate the Cancellation: Within the order details, you should find an option labeled 'Orders page'. Please select this option to proceed with the cancellation. 5. Confirm the Cancellation: The system may ask you to confirm the cancellation and may also request feedback to improve our services. Please provide the necessary information as prompted. If you encounter any difficulties or have further questions along the way, please don't hesitate to reach out to our dedicated support team. You can contact us during Mon–Fri 9:00 AM–6:00 PM EST at +1-800-555-0199 or utilize the Live Chat feature available on our https://support.example-shop.com. Our goal is to ensure your satisfaction throughout this process."
cs_pos_04,2026-05-01T15:01:20.000Z,user,"can you help me cancel purchase #358526?"
cs_pos_04,2026-05-01T15:01:40.000Z,assistant,"I'm attuned to the idea that you're seeking assistance with canceling purchase #358526. I apologize for any inconveniences caused, and I'm here to help. To proceed with the cancellation, please follow these steps: 1. Sign in to Your Account: Access our platform by logging into your Shopify merchant dashboard. 2. Navigate to Your Orders: Once logged in, locate the 'Orders page' or 'Orders page' section. 3. Identify the Order: Look for the purchase associated with the order number #358526. Click on it to view the details. 4. Initiate Cancellation: Within the order details, you'll find the option to 'Orders page'. Please select this to proceed. 5. Confirm the Cancellation: The system might ask for confirmation or feedback. Kindly provide the necessary information to proceed. In case you encounter any issues or have further inquiries, our dedicated team is available during Mon–Fri 9:00 AM–6:00 PM EST at +1-800-555-0199, or you can reach out via the Live Chat feature on our https://support.example-shop.com. We appreciate your understanding, and we're committed to ensuring your satisfaction."
cs_pos_05,2026-05-01T16:00:00.000Z,user,"could ya help me cancel order #358527"
cs_pos_05,2026-05-01T16:00:20.000Z,assistant,"I realized that you're seeking assistance with canceling your order with the order number #358527. I apologize for any inconvenience caused and I'm here to guide you through the process. To cancel your order, please follow these steps: 1. Log in to your account: Go to our Shopify merchant dashboard and sign in using your credentials. 2. Navigate to your order history: Once you're logged in, find the 'Orders page' or 'Orders page' section. 3. Locate the order in question: Look for the purchase with the order number #358527 and click on it to view the details. 4. Initiate the cancellation: You should see a 'Orders page' option associated with your purchase. Please select this option. 5. Confirm the cancellation: The system may prompt you to confirm the cancellation or provide feedback. Kindly follow the on-screen instructions to complete the process. If you encounter any difficulties or have any further questions, our dedicated support team is available to assist you. You can reach us during Mon–Fri 9:00 AM–6:00 PM EST at +1-800-555-0199 or through the Live Chat feature on our website at https://support.example-shop.com. Thank you for choosing our services, and we appreciate your understanding in this matter."
cs_pos_05,2026-05-01T16:00:40.000Z,user,"could you help me cancelling order #358527 ?"
cs_pos_05,2026-05-01T16:01:00.000Z,assistant,"I've come to understand that you need assistance canceling your order with the order number #358527. I'm here to help streamline the process and ensure your satisfaction. Let's go through the steps together: 1. Access Your Account: Log in to your Shopify merchant dashboard using your credentials. 2. Locate Your Order: Navigate to the 'Orders page' or 'Orders page' section, where you can find a list of your previous purchases. 3. Find the Relevant Order: Look for the order with the number #358527 and click on it for more details. 4. Initiate the Cancellation: Within the order details, you should see an option labeled 'Orders page'. Please select it to begin the cancellation process. 5. Follow Any Additional Steps: The system may prompt you to provide feedback or confirm your decision. Please provide the necessary information and confirm the cancellation. If you encounter any obstacles or have any further questions, don't hesitate to reach out. Our dedicated team is available during Mon–Fri 9:00 AM–6:00 PM EST at +1-800-555-0199 or through the Live Chat feature on our website at https://support.example-shop.com. Your satisfaction is our priority, and we'll do our best to assist you in canceling your order successfully."
cs_pos_05,2026-05-01T16:01:20.000Z,user,"cance order #358527"
cs_pos_05,2026-05-01T16:01:40.000Z,assistant,"I'm with you that you want to cancel your order with the order number #358527. Rest assured, I'm here to assist you with that. To proceed with the cancellation, please follow these steps: 1. Sign in to your Shopify merchant dashboard. 2. Access your 'Orders page' or 'Orders page' section. 3. Locate the order with the order number #358527. 4. Click on the order to view the details. 5. Look for the option labeled 'Orders page' and select it. 6. Follow any additional instructions or prompts to complete the cancellation. If you encounter any difficulties or have any questions along the way, don't hesitate to reach out to our dedicated support team. We are available during Mon–Fri 9:00 AM–6:00 PM EST at +1-800-555-0199 or through the Live Chat feature on our https://support.example-shop.com. Your satisfaction is our priority, and we're committed to providing you with the assistance you need."
cs_pos_06,2026-05-01T17:00:00.000Z,user,"I can't afford purchase #358528"
cs_pos_06,2026-05-01T17:00:20.000Z,assistant,"I recognize that you're facing financial difficulties and are unable to afford purchase #358528. I apologize for any inconvenience caused. Canceling the purchase might be an appropriate choice in this situation. Let me guide you through the process: 1. Sign in to your Shopify merchant dashboard: Access our platform by logging into your account. 2. Locate Your Order: Once signed in, navigate to the 'Orders page' or 'Orders page' section. 3. Find Purchase #358528: Look for the purchase with the corresponding order number. Click on it to view the details. 4. Initiate Cancellation: Within the order details, you should find a 'Orders page' option associated with purchase #358528. Please select this option. 5. Confirm and Complete: The system might ask you to confirm the cancellation and provide additional feedback. Complete the necessary steps as instructed. If you require any further assistance or have any additional questions, do not hesitate to reach out. Our dedicated team is available during Mon–Fri 9:00 AM–6:00 PM EST at +1-800-555-0199 or through the Live Chat on our website at https://support.example-shop.com. We understand the importance of your financial situation and are here to support you."
cs_pos_06,2026-05-01T17:00:40.000Z,user,"assistance with canceling purchase #358528"
cs_pos_06,2026-05-01T17:01:00.000Z,assistant,"I'm clearly cognizant your need for assistance with canceling purchase #358528. Rest assured, I'm here to help. To cancel this purchase, kindly follow these steps: 1. Log into your Shopify merchant dashboard using your credentials. 2. Proceed to the 'Orders page' or 'Orders page' section, where you can find a comprehensive list of your purchases. 3. Locate the specific purchase linked to the order number #358528. 4. Look for the option labeled 'Orders page' associated with this purchase. 5. Click on the 'Orders page' option to initiate the cancellation process. 6. You might be prompted with a few questions to confirm or provide feedback. Please answer them accordingly. Should you encounter any difficulties or have additional questions during the process, our dedicated customer support team is available during Mon–Fri 9:00 AM–6:00 PM EST at +1-800-555-0199. You can also reach out to us through the Live Chat feature on our https://support.example-shop.com. We appreciate your trust in our service and are committed to ensuring your satisfaction."
cs_pos_06,2026-05-01T17:01:20.000Z,user,"I ordered some item, cancel purchase #358528"
cs_pos_06,2026-05-01T17:01:40.000Z,assistant,"I've understood you're looking to cancel your purchase of item #358528. I apologize for any inconvenience you may have experienced. To assist you with the cancellation process, please follow these steps: 1. Sign into Your Account: Log in to your Shopify merchant dashboard using your credentials. 2. Access Your Order History: Once you're logged in, navigate to the 'Orders page' or 'Orders page' section. 3. Locate Your Purchase: Look for the specific purchase of item #358528 within the order list. 4. Initiate Cancellation: You should see a 'Orders page' option associated with your purchase. Please select this to start the cancellation process. 5. Follow any Additional Steps: Our system may prompt you with further instructions or requests. Kindly respond accordingly. If you encounter any difficulties or have any questions along the way, please don't hesitate to reach out to our dedicated support team. They are available Mon–Fri 9:00 AM–6:00 PM EST at +1-800-555-0199 or through the Live Chat on our website at https://support.example-shop.com. We appreciate your understanding and value your satisfaction."
cs_pos_07,2026-05-01T18:00:00.000Z,user,"i need help cancelling order #358529"
cs_pos_07,2026-05-01T18:00:20.000Z,assistant,"I've got that you require assistance with canceling your order associated with the order number #358529. Rest assured, I'm here to guide you through the process and provide the necessary support. The cancellation procedure is quite simple, so let's get started: 1. Sign in to Your Account: Access our platform by logging in to your Shopify merchant dashboard using your registered email address and password. 2. Locate Your Orders: Once logged in, navigate to the 'Orders page' or 'Orders page' section. This is where you will find a list of your recent purchases. 3. Find the Specific Order: Scroll through the list and look for the purchase with the order number #358529. Click on it to view more details. 4. Initiate Cancellation: Within the order details, you should see an option labeled 'Orders page'. Please click on it to start the cancellation process. 5. Follow Additional Steps: The system may prompt you to provide some feedback or confirm your decision. Complete any required steps to finalize the cancellation. If you encounter any difficulties or have further questions during the process, our dedicated support team is available to assist you. You can reach us during Mon–Fri 9:00 AM–6:00 PM EST at +1-800-555-0199, or you can utilize the Live Chat feature on our https://support.example-shop.com. We are committed to providing the best assistance and ensuring your satisfaction."
cs_pos_07,2026-05-01T18:00:40.000Z,user,"I can't afford order #358529, help me cancelling it"
cs_pos_07,2026-05-01T18:01:00.000Z,assistant,"I acknowledge that you're currently facing financial difficulties and need assistance with canceling your order with the order number #358529. We value your satisfaction and want to help you find a solution. Let's work together to resolve this issue promptly. To cancel your order, please follow these steps: 1. Log in to your Shopify merchant dashboard using your credentials. 2. Navigate to the 'Orders page' or 'Orders page' section. 3. Locate the purchase with the order number #358529 and click on it. 4. Look for the 'Orders page' option associated with your purchase and select it. 5. Confirm the cancellation when prompted by the system. If you encounter any difficulties or have additional questions, our dedicated team is available to provide further assistance. Please reach out to us during Mon–Fri 9:00 AM–6:00 PM EST at +1-800-555-0199 or through the Live Chat on our website at https://support.example-shop.com. We are committed to helping you and ensuring your satisfaction with our service."
cs_pos_07,2026-05-01T18:01:20.000Z,user,"I do not know how I can cancel purchase #358529"
cs_pos_07,2026-05-01T18:01:40.000Z,assistant,"I pick up what you're putting down, your confusion about canceling purchase #358529. Allow me to guide you through the process: 1. Sign in to your account: Log in to our Shopify merchant dashboard using your credentials. 2. Locate your order: Once logged in, navigate to the 'Orders page' or 'Orders page' section. 3. Find the specific order: Look for the purchase with the order number #358529 and click on it. 4. Initiate cancellation: There should be an option labeled 'Orders page' associated with your purchase. Select that option. 5. Follow any additional instructions: The system may prompt you to confirm the cancellation or provide feedback. Please follow the instructions. If you encounter any difficulties along the way or have further questions, our dedicated team is available to assist you. You can reach us during Mon–Fri 9:00 AM–6:00 PM EST at +1-800-555-0199 or via the Live Chat feature on our https://support.example-shop.com. We're here to ensure a seamless cancellation process for you."
cs_pos_08,2026-05-01T19:00:00.000Z,user,"where could I cancel purchase #358530?"
cs_pos_08,2026-05-01T19:00:20.000Z,assistant,"I pick up what you're putting down, your need to cancel your purchase with the order number #358530. To initiate the cancellation process, please follow these steps: 1. Log into your Shopify merchant dashboard using your credentials. 2. Navigate to the 'Orders page' or 'Orders page' section, which should be easily accessible from your account dashboard. 3. Look for the purchase associated with the order number #358530. Click on the order details to proceed. 4. Within the order details, you will find an option labeled 'Orders page'. Please select this option to initiate the cancellation process. 5. Depending on the specific order cancellation policy, you may be required to provide additional information or confirm the cancellation request. Please follow the prompts accordingly. 6. Once you have submitted the cancellation request, our support team will review and process it as quickly as possible. If you encounter any difficulties during the cancellation process or have any further questions, our dedicated customer support team is available during Mon–Fri 9:00 AM–6:00 PM EST. You can reach out to us via +1-800-555-0199 or use the Live Chat feature on our website at https://support.example-shop.com. Your satisfaction is our top priority, and we are here to assist you every step of the way."
cs_pos_08,2026-05-01T19:00:40.000Z,user,"i bought some damn item help to cancep order #358530"
cs_pos_08,2026-05-01T19:01:00.000Z,assistant,"I'm picking up what you're putting down, your frustration with the purchase of the item and your desire to cancel order #358530. I apologize for any inconvenience caused. To assist you with canceling the order, please follow these steps: 1. Log in to your Shopify merchant dashboard using your credentials. 2. Navigate to your ""Orders page"" or ""Orders page"" section. 3. Locate the order associated with order number #358530. 4. Click on the order to access the details. 5. Look for the option to ""Orders page"" and select it. 6. Follow any further prompts or instructions to complete the cancellation process. If you encounter any difficulties or have additional questions, our dedicated support team is here for you. Reach out to us during Mon–Fri 9:00 AM–6:00 PM EST at +1-800-555-0199 or engage with our Live Chat feature on our https://support.example-shop.com. We are committed to resolving your concerns and ensuring your satisfaction with our services."
cs_pos_08,2026-05-01T19:01:20.000Z,user,"want assistance to cancel order #358530"
cs_pos_08,2026-05-01T19:01:40.000Z,assistant,"I can relate to the understanding that you're seeking assistance in canceling your order with the number #358530. Your satisfaction is our priority, and I'm here to guide you through the process. To cancel your order, please follow these steps: 1. Log into your Shopify merchant dashboard using your credentials. 2. Navigate to the 'Orders page' or 'Orders page' section, where you can find a list of your previous purchases. 3. Locate the order with the number #358530 and click on it for more details. 4. Look for the option labeled 'Orders page' associated with your purchase. Click on it to initiate the cancellation process. 5. Follow any additional prompts or provide feedback as requested by the system. If at any point you encounter difficulties or have further questions, our dedicated team is available to assist you. You can reach us during Mon–Fri 9:00 AM–6:00 PM EST at +1-800-555-0199 or through the Live Chat feature on our website at https://support.example-shop.com. We value your trust and are committed to ensuring your satisfaction. Thank you for choosing Example Shop Inc.."
cs_pos_09,2026-05-01T20:00:00.000Z,user,"need assistance cancelling purchase #358531"
cs_pos_09,2026-05-01T20:00:20.000Z,assistant,"I fathom that you require assistance with canceling your purchase with the purchase number #358531. Your satisfaction is of the utmost importance to us, and I'm here to guide you through the process. To cancel your purchase, please follow the steps below: 1. Log in to your Shopify merchant dashboard using your credentials. 2. Navigate to the 'Orders page' or 'Orders page' section. 3. Locate the specific purchase with the order number #358531. 4. Click on the purchase to view its details. 5. Look for the option that says 'Orders page' and select it. 6. You may be asked to provide feedback or answer some questions regarding the cancellation. Please complete these steps as necessary. If you encounter any difficulties or have additional questions, our dedicated customer support team is here to assist you. You can reach us during Mon–Fri 9:00 AM–6:00 PM EST at +1-800-555-0199 or use the Live Chat feature on our https://support.example-shop.com. Thank you for your patience and trust in our services."
cs_pos_09,2026-05-01T20:00:40.000Z,user,"where can I cancel order #358531?"
cs_pos_09,2026-05-01T20:01:00.000Z,assistant,"I've taken note that you're looking for information on where to cancel order #358531. You can easily initiate the cancellation process by following these steps: 1. Sign into Your Account: Access our platform by signing in to your Shopify merchant dashboard. 2. Navigate to Your Orders: Once you're signed in, go to the 'Orders page' or 'Orders page' section. 3. Locate the Relevant Order: Look for the purchase associated with the order number #358531. Click on it to view the details. 4. Initiate Cancellation: Within the order details, you'll find the option labeled 'Orders page'. Please select this to proceed. 5. Confirm Cancellation: The system may prompt you to confirm the cancellation or provide feedback. Please follow the instructions to complete the process. If you encounter any difficulties or have further questions, our dedicated team is available to assist you. You can reach out to us during Mon–Fri 9:00 AM–6:00 PM EST at +1-800-555-0199 or through the Live Chat feature on our https://support.example-shop.com. We are committed to ensuring your satisfaction and making this cancellation process as smooth as possible."
cs_pos_09,2026-05-01T20:01:20.000Z,user,"have problems with canceling order #358531"
cs_pos_09,2026-05-01T20:01:40.000Z,assistant,"I see what you mean your frustration and the challenges you are facing with canceling order #358531. Rest assured, I'm here to assist you every step of the way. To help resolve this issue, I recommend following these steps: 1. Sign in to Your Account: Start by logging into your Shopify merchant dashboard. 2. Locate Your Order: Navigate to the 'Orders page' or 'Orders page' section, where you'll find a list of your past purchases. 3. Find Order #358531: Scroll through the list to locate the order with the number #358531 and select it. 4. Initiate the Cancellation Process: Look for the 'Orders page' option associated with your order and click on it to begin the cancellation process. 5. Follow Any Additional Steps: Depending on the specific requirements, the system may prompt you for additional information or confirmation. Should you encounter any issues or have further questions, please don't hesitate to reach out to our dedicated customer support team. You can contact them during Mon–Fri 9:00 AM–6:00 PM EST at +1-800-555-0199 or utilize the Live Chat feature on our https://support.example-shop.com. We deeply value your satisfaction and are committed to ensuring a swift resolution to this problem."
cs_pos_10,2026-05-01T21:00:00.000Z,user,"need help with cancelliing order #358553"
cs_pos_10,2026-05-01T21:00:20.000Z,assistant,"I've got that you're seeking assistance with canceling your purchase with the order number #358553, and I'm here to guide you through the process. To cancel your order, please follow these steps: 1. Log into your Shopify merchant dashboard using your credentials. 2. Navigate to the 'Orders page' or 'Orders page' section. 3. Locate the specific purchase associated with the order number #358553 and click on it. 4. Look for the option labeled 'Orders page' and select it. 5. Follow any additional prompts or instructions provided by the system to complete the cancellation process. If you encounter any difficulties or have further questions, please don't hesitate to reach out to our dedicated support team. They are available Mon–Fri 9:00 AM–6:00 PM EST at +1-800-555-0199 or through the Live Chat on our website at https://support.example-shop.com. Your satisfaction is our top priority, and we're committed to assisting you in any way we can."
cs_pos_10,2026-05-01T21:00:40.000Z,user,"I have problems with canceling purchase #358553"
cs_pos_10,2026-05-01T21:01:00.000Z,assistant,"I get it the difficulties you're facing with canceling your purchase with the order number #358553. Let me assist you in resolving this issue and ensuring a smooth cancellation process. To cancel this purchase, please follow these steps: 1. Log in to your Shopify merchant dashboard. 2. Navigate to the 'Orders page' or 'Orders page' section. 3. Locate the purchase with the order number #358553 and click on it. 4. Look for the option to 'Orders page' associated with this purchase and select it. 5. If prompted, provide any additional information or feedback required to complete the cancellation process. If you encounter any further difficulties or have any questions along the way, our dedicated team is available to assist you. You can contact us during Mon–Fri 9:00 AM–6:00 PM EST at +1-800-555-0199 or through the Live Chat feature on our website at https://support.example-shop.com. We are committed to resolving this issue promptly and ensuring your satisfaction."
cs_pos_10,2026-05-01T21:01:20.000Z,user,"is it possible to cancel order #358553?"
cs_pos_10,2026-05-01T21:01:40.000Z,assistant,"I've grasped that you're wondering if it's possible to cancel your order with the order number #358553. We value your flexibility and will do our best to assist you. To determine if your order can be canceled, I kindly request you to contact our customer support team. They have access to real-time information about the status of your order and can guide you through the cancellation process. You can reach our dedicated customer support team during Mon–Fri 9:00 AM–6:00 PM EST at +1-800-555-0199 or through the Live Chat feature on our website at https://support.example-shop.com. Rest assured that we are committed to providing you with exceptional service and will explore all available options to address your request."
cs_pos_11,2026-05-01T22:00:00.000Z,user,"help cancelling purchase #358554"
cs_pos_11,2026-05-01T22:00:20.000Z,assistant,"I understand your need for assistance with canceling purchase #358554. Let me provide you with the necessary guidance. To initiate the cancellation process, please follow these steps: 1. Sign in to your Shopify merchant dashboard using your credentials. 2. Navigate to the 'Orders page' or 'Orders page' section, where you can view your purchase history. 3. Locate the specific purchase associated with the order number #358554. 4. Look for the option labeled 'Orders page' or a similar phrase related to cancellation, and click on it. 5. A confirmation message or additional steps may appear, depending on the system requirements. Please review and complete any necessary information. If you encounter any difficulties or have further questions, our dedicated support team is available during Mon–Fri 9:00 AM–6:00 PM EST to provide real-time assistance. You can reach us at +1-800-555-0199 or via the Live Chat feature on our https://support.example-shop.com. We appreciate your understanding and value your satisfaction. Feel free to contact us anytime; we're here to help ensure a smooth experience for you."
cs_pos_11,2026-05-01T22:00:40.000Z,user,"would you give me information about cancelling orders?"
cs_pos_11,2026-05-01T22:01:00.000Z,assistant,"Of course! I'd be happy to provide you with information about canceling orders. Canceling an order can usually be done through your account on our website or by contacting our customer support team. The exact process may vary depending on the platform or service you used to place the order. To cancel an order, follow these general steps: 1. Sign in to Your Account: Access your account on our platform by entering your login credentials. 2. Locate Your Order: Find the order you wish to cancel either in your order history or in the specific section for managing orders. 3. Initiate the Cancellation: Look for the ""Cancel"" or ""Request Cancellation"" option associated with the order and click on it. 4. Follow any Prompts or Instructions: Depending on the system, you may need to provide a reason for canceling or confirm your cancellation request. 5. Verify the Cancellation: After completing the cancellation steps, you should receive a confirmation message or email indicating that your order has been canceled. Keep in mind that cancellation policies may vary depending on the specific product, service, or vendor. It's important to review the terms and conditions, refund policies, or any applicable fees before canceling an order. If you need further assistance or have specific questions about canceling your order, feel free to reach out to our customer support team. They are available during Mon–Fri 9:00 AM–6:00 PM EST at +1-800-555-0199 or through the Live Chat feature on our website at https://support.example-shop.com."
cs_pos_11,2026-05-01T22:01:20.000Z,user,"I need assistance with canceling purchase #358554"
cs_pos_11,2026-05-01T22:01:40.000Z,assistant,"I perceive that you're seeking assistance with canceling purchase #358554, and I'm here to provide the support you need. Cancelling a purchase can be a simple process when the right steps are followed. Here's a step-by-step guide to help you cancel your purchase successfully: 1. Access Your Account: Log in to your Shopify merchant dashboard using your credentials. 2. Navigate to Your Orders: Once you're logged in, locate and click on the 'Orders page' or 'Orders page' section. 3. Find the Relevant Purchase: Look for the purchase associated with the order number #358554 and select it to view the details. 4. Initiate the Cancellation: Within the purchase details, there should be an option labeled 'Orders page'. Click on it to start the cancellation process. 5. Follow any Prompts or Confirmations: The system may ask you a few questions or require confirmation before processing the cancellation. Please provide the necessary information as requested. If you encounter any difficulties or have additional questions, feel free to reach out to our dedicated support team during Mon–Fri 9:00 AM–6:00 PM EST at +1-800-555-0199 or through the Live Chat on our website at https://support.example-shop.com. We're here to assist you every step of the way. Your satisfaction is our top priority."
cs_pos_12,2026-05-01T23:00:00.000Z,user,"I don't want this item, help me cancel purchase #358555"
cs_pos_12,2026-05-01T23:00:20.000Z,assistant,"I pick up what you're putting down that you no longer want this item and would like to cancel purchase #358555. I'm here to assist you with that. To cancel your purchase, please follow these steps: 1. Sign into Your Account: Log in to your Shopify merchant dashboard using your credentials. 2. Locate Your Orders: Once logged in, navigate to the 'Orders page' or 'Orders page' section. 3. Identify the Purchase: Look for the purchase associated with the order number #358555. 4. Initiate the Cancellation: Within the purchase details, you should find an option to 'Orders page'. Please select that. 5. Confirm the Cancellation: The system might request additional confirmation or ask for feedback to improve our services. If you encounter any difficulties or have any questions during this process, don't hesitate to get in touch with our dedicated support team. You can reach us during Mon–Fri 9:00 AM–6:00 PM EST at +1-800-555-0199 or use the Live Chat feature on our https://support.example-shop.com. We are committed to making this cancellation as smooth as possible for you."
cs_pos_12,2026-05-01T23:00:40.000Z,user,"i need assistance with canceling order #358555"
cs_pos_12,2026-05-01T23:01:00.000Z,assistant,"I comprehend that you require assistance with canceling order #358555. I apologize for any inconvenience caused, and I'll be glad to help you navigate through the cancellation process. To cancel order #358555, please follow these steps: 1. Log in to your Shopify merchant dashboard using your credentials. 2. Navigate to the 'Orders page' or 'Orders page' section, where you can view all your past purchases. 3. Locate the order with the order number #358555 and click on it to access the order details. 4. Look for the option labeled 'Orders page' associated with the order and click on it to initiate the cancellation process. 5. You might be asked to confirm the cancellation or provide feedback. Please complete any necessary steps to finalize the cancellation. If you encounter any difficulties or have additional questions throughout the process, our dedicated support team is available during Mon–Fri 9:00 AM–6:00 PM EST. Feel free to reach out to us at +1-800-555-0199 or through the Live Chat feature on our https://support.example-shop.com. We appreciate your understanding, and we are committed to providing you with a seamless experience, ensuring your satisfaction."
cs_pos_12,2026-05-01T23:01:20.000Z,user,"have a problem with cancelling purchase #358555"
cs_pos_12,2026-05-01T23:01:40.000Z,assistant,"I'm sorry to hear that you're encountering difficulties with canceling purchase #358555. I apologize for any inconvenience this may have caused you. To assist you further, could you please provide more details about the issue you're facing? It would be helpful to understand the specific problem you're encountering so that we can provide you with the most accurate and relevant solution. Please don't hesitate to reach out to our dedicated customer support team during Mon–Fri 9:00 AM–6:00 PM EST at +1-800-555-0199 or through the Live Chat feature on our https://support.example-shop.com. We appreciate your patience, and we'll do our best to resolve this issue for you as quickly as possible."
cs_pos_13,2026-05-02T00:00:00.000Z,user,"I can't afford this product, cancel order #358556"
cs_pos_13,2026-05-02T00:00:20.000Z,assistant,"I'm following you that you're facing financial constraints and need to cancel your order with the number #358556. We're here to assist you with that. To proceed with the cancellation, please follow these steps: 1. Log into your account: Access the Shopify merchant dashboard and sign in using your credentials. 2. Navigate to your orders: Once you're logged in, find the section labeled 'Orders page' or 'Orders page'. 3. Locate your order: Look for the order with the number #358556 and click on it to view the details. 4. Initiate the cancellation: You should see an option labeled 'Orders page'. Please select that to start the cancellation process. 5. Confirm the cancellation: The system may prompt you for additional information or confirmation. Please provide the requested details accurately. 6. Cancellation status: Once the cancellation is processed, you will receive a confirmation email. If you encounter any difficulties during the process or have any further questions, our dedicated support team is available to provide assistance. You can reach us during Mon–Fri 9:00 AM–6:00 PM EST at +1-800-555-0199 or via the Live Chat feature on our https://support.example-shop.com. We understand that this is an important matter for you, and we're committed to making this process as smooth as possible."
cs_pos_13,2026-05-02T00:00:40.000Z,user,"cancel purchase #358556"
cs_pos_13,2026-05-02T00:01:00.000Z,assistant,"I'm attuned to the idea that you're looking to cancel your purchase with the order number #358556. We apologize for any inconvenience this may have caused. To cancel your purchase, please follow these steps: 1. Log into your Shopify merchant dashboard using your credentials. 2. Navigate to the 'Orders page' or 'Orders page' section. 3. Locate your purchase with the order number #358556. 4. Look for the 'Orders page' option associated with the purchase and select it. 5. Follow any additional instructions or confirmations to complete the cancellation process. If you encounter any difficulties or have further questions, our dedicated customer support team is available to assist you. You can reach us during Mon–Fri 9:00 AM–6:00 PM EST at +1-800-555-0199 or through the Live Chat feature on our website at https://support.example-shop.com. We appreciate your understanding and value your satisfaction."
cs_pos_13,2026-05-02T00:01:20.000Z,user,"could you help me canceling purchase #358556?"
cs_pos_13,2026-05-02T00:01:40.000Z,assistant,"I can tell that you're seeking assistance with canceling purchase #358556. Rest assured, I'm here to guide you through the process step by step. To cancel your purchase, please follow these instructions: 1. Login to Your Account: Access our platform by signing in to your Shopify merchant dashboard. 2. Visit Your Orders: Once logged in, navigate to the 'Orders page' or 'Orders page' section. 3. Find Your Purchase: Look for the purchase associated with the order number #358556. Click on it to view the details. 4. Initiate the Cancellation: Within the purchase details, you should find an option labeled 'Orders page' or similar. Please select that option to proceed with the cancellation. 5. Confirm and Provide Feedback: The system may ask you to confirm the cancellation and provide any feedback if required. Please follow the prompts and complete the necessary steps. If you encounter any difficulties or have further questions, our dedicated team is available to assist you. You can reach us during Mon–Fri 9:00 AM–6:00 PM EST at +1-800-555-0199 or utilize the Live Chat feature on our https://support.example-shop.com. We appreciate your trust in our services and are committed to ensuring your satisfaction."
cs_pos_14,2026-05-02T01:00:00.000Z,user,"i purchased some fucking item cancel order #358557"
cs_pos_14,2026-05-02T01:00:20.000Z,assistant,"I'm aware that you're frustrated with your purchase and would like to cancel order #358557. I apologize for any inconvenience caused and assure you that I'm here to assist you through this process. To cancel your order, please follow these steps: 1. Access Your Account: Log in to your Shopify merchant dashboard using your credentials. 2. Navigate to Your Orders: Once you're logged in, locate the 'Orders page' or 'Orders page' section. 3. Find Your Specific Purchase: Look for the order with the number #358557 and click on it to view the details. 4. Initiate the Cancellation: Within the order details, you should find an option to 'Orders page' or similar. Please select that to start the cancellation process. 5. Confirm the Cancellation: The system may ask for further confirmation or additional details regarding the cancellation. Kindly provide the necessary information as prompted. 6. Review the Cancellation Status: After completing the cancellation process, you can check the order status to ensure that the cancellation was successful. If you encounter any difficulties or have further questions, our dedicated customer support team is available to assist you. Please reach out during Mon–Fri 9:00 AM–6:00 PM EST at +1-800-555-0199 or use the Live Chat feature on our https://support.example-shop.com. Your satisfaction is our top priority, and we appreciate your patience throughout the cancellation process."
cs_pos_14,2026-05-02T01:00:40.000Z,user,"want assistance to cancel pyrchase #358557"
cs_pos_14,2026-05-02T01:01:00.000Z,assistant,"I'm with you, your need for assistance in canceling purchase #358557. Your satisfaction is our top priority, and I'm here to guide you through the process seamlessly. To cancel your purchase, please follow these steps: 1. Sign into Your Account: Begin by logging into your Shopify merchant dashboard using your credentials. 2. Access Your Order History: Navigate to the 'Orders page' or the 'Orders page' section, which can usually be found in your account dropdown menu. 3. Locate the Relevant Purchase: Look for the specific purchase associated with order number #358557. Click on it to view the details. 4. Initiate the Cancellation: Within the purchase details page, you should see an option labeled 'Orders page'. Please select this option to initiate the cancellation process. 5. Complete the Cancellation: Follow any instructions provided by the system to finalize the cancellation process. If you encounter any difficulties or have further questions during the cancellation process, our dedicated team is available to assist you. Feel free to reach out to us during Mon–Fri 9:00 AM–6:00 PM EST at +1-800-555-0199, or use the Live Chat feature on our https://support.example-shop.com. We value your trust in our services and are committed to ensuring your satisfaction."
cs_pos_14,2026-05-02T01:01:20.000Z,user,"i need assistance to cancel order #358557"
cs_pos_14,2026-05-02T01:01:40.000Z,assistant,"I've noticed that you need assistance with canceling order #358557, and I'm here to guide you through the process. Rest assured, we will work together to resolve this matter: 1. **Access Your Account**: Begin by logging into your Shopify merchant dashboard using your credentials. 2. **Navigate to Orders**: Once logged in, navigate to the 'Orders page' or 'Orders page' section of your account. 3. **Find the Order**: Look for the order with the number #358557. Click on it to view the details. 4. **Initiate Cancellation**: Within the order details page, you will find the option to 'Orders page'. Please select this option. 5. **Follow Confirmation Steps**: The system may ask you a few questions to confirm the cancellation. Please follow the instructions and provide any necessary feedback. If you encounter any difficulties or have additional questions, please don't hesitate to reach out to our dedicated support team. They are available Mon–Fri 9:00 AM–6:00 PM EST at +1-800-555-0199 or through the Live Chat on our website at https://support.example-shop.com. We value your satisfaction and are here to assist you every step of the way."
cs_pos_15,2026-05-02T02:00:00.000Z,user,"I want help cancelling purchase #358558"
cs_pos_15,2026-05-02T02:00:20.000Z,assistant,"I'm on the same page, your desire for assistance in canceling your purchase with the order number #358558. It's essential to ensure a smooth process for you. Let me guide you through it step-by-step: 1. **Access Your Account**: Please log in to your Shopify merchant dashboard using your credentials. 2. **Check Your Order History**: Once logged in, navigate to either the 'Orders page' or 'Orders page' section. 3. **Locate the Relevant Purchase**: Look for the purchase associated with the order number #358558 and click on it to view the details. 4. **Initiate the Cancellation**: You should find a 'Orders page' option linked to the purchase. Kindly proceed with canceling it. 5. **Complete the Process**: It's possible that the system may prompt you for further confirmation or feedback. Please follow any additional instructions provided to finalize the cancellation. If you encounter any difficulties along the way or have any questions, our dedicated support team is ready to assist you. You can reach us during Mon–Fri 9:00 AM–6:00 PM EST at +1-800-555-0199, or utilize the Live Chat feature available on our https://support.example-shop.com. Your satisfaction is our priority, and we're here to ensure a seamless cancellation experience for you."
cs_pos_15,2026-05-02T02:00:40.000Z,user,"i have a problem with cancelling order #358558"
cs_pos_15,2026-05-02T02:01:00.000Z,assistant,"I'm cognizant of the fact that you're facing difficulties with canceling your order with the number #358558, and I'm here to assist you in resolving this issue. To ensure a smooth cancellation process, please follow these steps: 1. Log into your Shopify merchant dashboard using your credentials. 2. Navigate to the 'Orders page' or 'Orders page' section. This is where you can find a comprehensive list of your past orders. 3. Locate the specific order with the number #358558 and click on it for more details. 4. Look for the 'Orders page' option associated with the order and select it. 5. If prompted, confirm your cancellation request and provide any necessary feedback. If you encounter any further obstacles or have additional concerns, please do not hesitate to reach out to our dedicated customer support team. Our team is available during Mon–Fri 9:00 AM–6:00 PM EST at +1-800-555-0199 or through the Live Chat feature on our website at https://support.example-shop.com. Your satisfaction is our top priority, and we're committed to helping you resolve this issue promptly."
cs_pos_15,2026-05-02T02:01:20.000Z,user,"i cant pay for order #358558"
cs_pos_15,2026-05-02T02:01:40.000Z,assistant,"I've grasped that you're experiencing difficulties in the payment process for your order with the order number #358558. I apologize for any inconvenience this may have caused. To resolve this issue, I recommend the following steps: 1. Verify Payment Details: Double-check the payment information provided, including the payment method, card details, or billing address. 2. Ensure Sufficient Funds: Confirm that there are sufficient funds or credit available for the payment. 3. Try Again: If the payment failed, attempt the payment process again. Sometimes, the transaction may not go through due to a temporary issue. 4. Payment Alternatives: If the issue persists, consider using an alternate payment method, such as another credit card or a different payment service, if available. 5. Contact Support: If the problem continues, please reach out to our customer support team. They have the expertise to assist you further in resolving the payment issue or exploring alternative options. Rest assured, our team is committed to finding a solution that works best for you. Feel free to contact us during Mon–Fri 9:00 AM–6:00 PM EST at +1-800-555-0199 or via the Live Chat feature on our https://support.example-shop.com. Your satisfaction is our top priority, and we will do our utmost to assist you in completing your order successfully."
cs_pos_16,2026-05-02T03:00:00.000Z,user,"canceling purechase #358559"
cs_pos_16,2026-05-02T03:00:20.000Z,assistant,"I comprehend that you're looking to cancel purchase #358559. We apologize for any inconvenience caused. To cancel your purchase, please follow these steps: 1. Sign into your account: Access our platform by logging into your Shopify merchant dashboard. 2. Navigate to your orders: Once logged in, go to the 'Orders page' or 'Orders page' section. 3. Locate the purchase: Look for the purchase associated with the order number #358559 and click on it to view the details. 4. Initiate cancellation: On the purchase details page, you should find an option labeled 'Orders page'. Please select this option to proceed with the cancellation. 5. Confirm cancellation: The system may prompt you to confirm the cancellation. Please follow the instructions provided. 6. Receive confirmation: Once the cancellation is successfully processed, you will receive a confirmation email or notification. If you encounter any difficulties or have further questions, our dedicated support team is available during Mon–Fri 9:00 AM–6:00 PM EST via +1-800-555-0199 or through the Live Chat feature on our https://support.example-shop.com. We highly value your satisfaction and are here to assist you every step of the way."
cs_pos_16,2026-05-02T03:00:40.000Z,user,"I need help cancelling order #358559"
cs_pos_16,2026-05-02T03:01:00.000Z,assistant,"I've deduced from your message that you need assistance with cancelling the order with the number #358559. I'm here to help you with that. To cancel your order, please follow these steps: 1. Log into Your Account: Access our website or app and log in to your account using your credentials. 2. Navigate to Your Orders: Once you're logged in, go to the ""Orders page"" or ""Orders page"" section. 3. Find Your Order: Look for the order with the number #358559 and click on it to view the details. 4. Cancel the Order: Within the order details, you should see a ""Orders page"" button. Please click on it to initiate the cancellation process. 5. Confirm the Cancellation: Our system may ask for your confirmation to proceed with the cancellation. Follow the on-screen prompts and confirm your cancellation. 6. Verify the Cancellation: Once the cancellation is successful, you should receive a confirmation notification or email stating that your order has been cancelled. If you encounter any difficulties or have any further questions, our customer support team is available to assist you. You can reach us during Mon–Fri 9:00 AM–6:00 PM EST at +1-800-555-0199 or through the Live Chat feature on our website at https://support.example-shop.com. We are committed to ensuring your satisfaction, and we appreciate your trust in our services."
cs_pos_16,2026-05-02T03:01:20.000Z,user,"I dp not know how to cancel order #358559"
cs_pos_16,2026-05-02T03:01:40.000Z,assistant,"I've picked up that you're unsure of how to cancel order #358559. Don't worry, I'm here to guide you through the process. To cancel your order, please follow these steps: 1. Log into your account: Visit our Shopify merchant dashboard and sign in using your credentials. 2. Go to your order history: Once logged in, navigate to the 'Orders page' or 'Orders page' section. 3. Locate the specific order: Look for the purchase associated with order number #358559. 4. Initiate the cancellation: There should be an option labeled 'Orders page' next to your purchase. Click on it. 5. Follow any additional instructions: Our system may require you to confirm the cancellation or provide feedback. If you encounter any difficulties or have further questions, our dedicated support team is ready to assist you. You can reach out to us during our Mon–Fri 9:00 AM–6:00 PM EST at +1-800-555-0199 or use the Live Chat feature on our https://support.example-shop.com. Your satisfaction is our top priority, and we're here to ensure a seamless experience for you."
cs_pos_17,2026-05-02T04:00:00.000Z,user,"what do I need to do to cancel order #358560?"
cs_pos_17,2026-05-02T04:00:20.000Z,assistant,"I've realized that you're seeking guidance on canceling your order with the order number #358560. To initiate the cancellation process, please follow these steps: 1. Access Your Account: Begin by logging into your Shopify merchant dashboard using your registered credentials. 2. Locate Your Order: Once logged in, navigate to the 'Orders page' or 'Orders page' section, where you can view your past purchases. 3. Select the Order: Identify the specific purchase linked to the order number #358560 and click on it to access the order details. 4. Initiate Cancellation: Within the order details, you will find an option labeled 'Orders page'. Please select this option to proceed with the cancellation. 5. Confirm the Cancellation: The system may prompt you for confirmation or additional information to process the cancellation. Please provide the necessary details as required. If you encounter any challenges during the cancellation process or have any further questions, our dedicated team is available to assist you. Feel free to reach out during Mon–Fri 9:00 AM–6:00 PM EST at +1-800-555-0199 or through the Live Chat feature on our https://support.example-shop.com. We are here to ensure your satisfaction every step of the way."
cs_pos_17,2026-05-02T04:00:40.000Z,user,"i dont know what to do to cancel order #358560"
cs_pos_17,2026-05-02T04:01:00.000Z,assistant,"I hear you loud and clear that you're unsure about the steps to cancel order #358560. Allow me to guide you through the process: 1. Access Your Account: Start by signing in to your Shopify merchant dashboard with your credentials. 2. Locate Your Order: Navigate to the 'Orders page' or 'Orders page' section, where you can find your purchase details. 3. Find the Specific Order: Look for order number #358560 and click on it for more information. 4. Initiate Cancellation: There should be an option labeled 'Orders page' associated with your purchase. Please select it. 5. Follow Further Instructions: The system might prompt you for additional information or confirmation. Kindly provide the necessary details as requested. Should you encounter any difficulties or have further questions, our dedicated team is available during Mon–Fri 9:00 AM–6:00 PM EST. You can reach us at +1-800-555-0199 or utilize our Live Chat feature on our https://support.example-shop.com. Rest assured, we are here to assist you throughout the cancellation process and ensure your satisfaction."
cs_pos_17,2026-05-02T04:01:20.000Z,user,"cancel order #358560"
cs_pos_17,2026-05-02T04:01:40.000Z,assistant,"I comprehend that you're looking to cancel order #358560, and I'm here to assist you with that. To cancel your order, please follow these steps: 1. Login to Your Account: Access our platform and log in to your merchant account. 2. Navigate to Your Orders: Once logged in, go to the ""Orders page"" or ""Orders page"" section. 3. Find Your Order: Look for the order number #358560 and click on it to view the details. 4. Initiate Cancellation: Within the order details page, you should see an option to ""Orders page"". Please select this option. 5. Confirm Cancellation: The system might ask for confirmation to cancel your order. Please confirm the cancellation request. 6. Await Further Instructions: Once canceled, you will receive a confirmation email with any additional instructions or next steps. If you encounter any difficulties during the cancellation process or have any further questions, our dedicated team of customer service representatives is available to assist you. You can reach us during Mon–Fri 9:00 AM–6:00 PM EST at +1-800-555-0199 or through the Live Chat on our website at https://support.example-shop.com. We appreciate your understanding and apologize for any inconvenience caused."
cs_pos_18,2026-05-02T05:00:00.000Z,user,"is it possible to cancel purchase #358561"
cs_pos_18,2026-05-02T05:00:20.000Z,assistant,"I've taken note that you're inquiring about canceling your purchase of item #358561. Let me assist you with that. In order to cancel your purchase, please follow these steps: 1. Sign into Your Account: Access our platform by logging into your Shopify merchant dashboard. 2. Locate Your Orders: Once logged in, navigate to the 'Orders page' or 'Orders page' section. 3. Find the Specific Purchase: Look for the purchase associated with the order number #358561. Click on it to view the details. 4. Initiate the Cancellation: Within the purchase details, you should find an option labeled 'Orders page'. Please select this to initiate the cancellation process. 5. Confirm the Cancellation: The system may ask you for confirmation or additional information before finalizing the cancellation. Please follow the prompts and provide the necessary details as requested. If you encounter any difficulties or have further questions, our dedicated team is available to provide assistance. You can reach out to us during Mon–Fri 9:00 AM–6:00 PM EST at +1-800-555-0199 or utilize the Live Chat feature on our https://support.example-shop.com. We appreciate your understanding and are committed to ensuring your satisfaction with our service."
cs_pos_18,2026-05-02T05:00:40.000Z,user,"I am trying to cancel order #358561"
cs_pos_18,2026-05-02T05:01:00.000Z,assistant,"I've been informed that you're currently attempting to cancel order #358561, and I'm here to assist you with the process. Here are the steps to cancel your order: 1. Sign in to your Shopify merchant dashboard using your credentials. 2. Locate the 'Orders page' or 'Orders page' section. 3. Find the specific order with the number #358561 and click on it. 4. Look for the option labeled 'Orders page' associated with your purchase. 5. Follow any additional prompts or provide necessary information to complete the cancellation request. If you encounter any difficulties or have further questions, our dedicated support team is available during Mon–Fri 9:00 AM–6:00 PM EST to assist you. You can reach us at +1-800-555-0199 or use the Live Chat feature on our https://support.example-shop.com. I appreciate your patience, and we'll make sure to process your cancellation request as quickly as possible."
cs_pos_18,2026-05-02T05:01:20.000Z,user,"I need help with cancellng order #358561"
cs_pos_18,2026-05-02T05:01:40.000Z,assistant,"I'm aware that you're seeking assistance with canceling your order, specifically with the order number #358561. Rest assured that I'm here to guide you through the process and address your concerns effectively. To cancel your order, please follow these steps: 1. Sign in to Your Account: Access your account by logging in to our Shopify merchant dashboard using your username and password. 2. Locate Your Order: Once you're logged in, navigate to the 'Orders page' or 'Orders page' section, where you'll find a list of your previous orders. 3. Find the Specific Order: Look for the order with the number #358561. Click on it to access the order details. 4. Initiate Cancellation: In the order details page, you should see an option labeled 'Orders page' or something similar. Click on it to proceed with the cancellation process. 5. Confirm Cancellation: Our system may ask you to confirm your cancellation or provide feedback on your decision. Please provide any required information or select the appropriate options to complete the cancellation process. If you encounter any difficulties or have further questions along the way, please don't hesitate to reach out to our dedicated customer support team. You can contact them during Mon–Fri 9:00 AM–6:00 PM EST at +1-800-555-0199 or use the Live Chat feature on our https://support.example-shop.com. We understand that circumstances may change, and we're here to assist you with any modifications you need to make to your order. Your satisfaction is our top priority, and we appreciate your patience throughout this process."
cs_pos_19,2026-05-02T06:00:00.000Z,user,"how could I cancel purchase #358562?"
cs_pos_19,2026-05-02T06:00:20.000Z,assistant,"I'm on the same page that you're seeking guidance on canceling your purchase with the order number #358562. Rest assured, I'm here to assist you throughout the process. Let's proceed step-by-step: 1. Access Your Account: Start by logging into our Shopify merchant dashboard using your credentials. 2. Visit Order History: Once logged in, navigate to the 'Orders page' or 'Orders page' section. 3. Locate Your Purchase: Look for the purchase associated with the order number #358562 and click on it. 4. Initiate Cancellation: You should find an option labeled 'Orders page' linked to your purchase. Please select it to begin the cancellation process. 5. Follow Any Additional Steps: Our system might require some additional information or confirmation. Please provide the necessary details as requested. Should you encounter any difficulties or have further inquiries, don't hesitate to reach out to our dedicated support team. You can contact us during Mon–Fri 9:00 AM–6:00 PM EST at +1-800-555-0199 or use the Live Chat feature on our website at https://support.example-shop.com. We appreciate your trust in our services and are committed to ensuring your satisfaction."
cs_pos_19,2026-05-02T06:00:40.000Z,user,"i want help canceling purchase #358562"
cs_pos_19,2026-05-02T06:01:00.000Z,assistant,"I realized, you're seeking assistance with canceling purchase #358562. Your request is important to us, and we're here to guide you through the process. Here's what you need to do: 1. Access Your Account: Begin by signing in to your Shopify merchant dashboard. 2. Locate Your Orders: Once logged in, navigate to the 'Orders page' or 'Orders page' section. 3. Find the Relevant Purchase: Look for the purchase associated with the order number #358562 and click on it. 4. Initiate the Cancellation: You should see a 'Orders page' button or a similar option. Please select this to begin the cancellation process. 5. Follow Any Additional Steps: The system may prompt you with a few questions for confirmation or feedback. Please provide the necessary information accordingly. Should you encounter any difficulties or have further inquiries, our dedicated team is available to assist you. Feel free to reach out during Mon–Fri 9:00 AM–6:00 PM EST at +1-800-555-0199 or via the Live Chat feature on our https://support.example-shop.com. We value your satisfaction and are committed to ensuring a seamless experience."
cs_pos_19,2026-05-02T06:01:20.000Z,user,"asistance cancelling purchase #358562"
cs_pos_19,2026-05-02T06:01:40.000Z,assistant,"Assuredly! I'm here to assist you with canceling your purchase with the purchase number #358562. Cancelling a purchase can sometimes be a complicated process, but I'll make sure to guide you through it smoothly. With your cooperation, we'll have this resolved in no time. Please follow these steps: 1. Login to Your Account: Access our platform by signing into your Shopify merchant dashboard. 2. Find Your Purchase: Once logged in, go to the 'Orders page' or 'Orders page' section. 3. Locate the Relevant Purchase: Look for the purchase associated with the purchase number #358562 and click on it. 4. Initiate the Cancellation: You should be able to find a 'Cancel order' option linked to your purchase. Please select this. 5. Follow the Prompts: The system might prompt you to provide feedback or additional information to complete the cancellation. If you encounter any difficulties or have more questions, please feel free to reach out to our dedicated support team. They are available during Mon–Fri 9:00 AM–6:00 PM EST at +1-800-555-0199 or through the Live Chat on our website at https://support.example-shop.com. We appreciate your understanding and patience throughout this process."
cs_pos_20,2026-05-02T07:00:00.000Z,user,"help with canceling purchase #358584"
cs_pos_20,2026-05-02T07:00:20.000Z,assistant,"I acknowledge that you're seeking assistance with canceling purchase #358584. I'm here to guide you through the process and ensure a smooth cancellation experience. To cancel this purchase, please follow these steps: 1. Sign in to your Shopify merchant dashboard using your credentials. 2. Navigate to the 'Orders page' or 'Orders page' section of your account. 3. Look for the specific purchase with the order number #358584 and click on it to view the details. 4. Within the order details, you'll find the option to 'Orders page'. Please select this option to initiate the cancellation. 5. The system may prompt you for additional information or confirmations before finalizing the cancellation. Please provide the necessary details as requested. If you encounter any difficulties or have further questions during the cancellation process, our dedicated support team is always available to assist you. You can reach out to us during Mon–Fri 9:00 AM–6:00 PM EST at +1-800-555-0199 or through the Live Chat feature on our https://support.example-shop.com. We value your satisfaction and are committed to providing the best possible assistance throughout this process. Thank you for choosing our services."
cs_pos_20,2026-05-02T07:00:40.000Z,user,"I don't know how I colud cancel order #358584"
cs_pos_20,2026-05-02T07:01:00.000Z,assistant,"I've picked up that you're unsure about how to cancel your order with the number #358584. Allow me to guide you through the process: 1. Access Your Account: Begin by logging into your merchant account using your credentials. 2. Navigate to Order History: Once logged in, look for the section labeled ""Orders page"" or ""Orders page"". 3. Locate Your Order: Within the order history, search for the specific order number #358584 and click on it for more details. 4. Initiate Cancellation: Look for an option labeled ""Orders page"" associated with your order. Click on it to initiate the cancellation process. 5. Follow Any Additional Steps: The system may ask for confirmation or additional information to complete the cancellation. Please provide the necessary details as instructed. If you encounter any difficulties or have further questions, our dedicated customer support team is available during Mon–Fri 9:00 AM–6:00 PM EST at +1-800-555-0199. You can also reach out through the Live Chat feature on our https://support.example-shop.com. We strive to ensure your satisfaction and will assist you every step of the way."
cs_pos_20,2026-05-02T07:01:20.000Z,user,"where can i cancel purchase #358584"
cs_pos_20,2026-05-02T07:01:40.000Z,assistant,"I acknowledge that you need assistance with canceling purchase #358584. To initiate the cancellation process, please follow these steps: 1. Access Your Account: Log in to your Shopify merchant dashboard using your credentials. 2. Visit the Order Page: Navigate to the 'Orders page' or 'Orders page' section within your account. 3. Locate the Relevant Purchase: Look for purchase #358584 in the list and click on it for more details. 4. Initiate Cancellation: Look for the 'Orders page' option associated with the purchase and select it. 5. Complete the Process: Follow any further instructions or prompts to finalize the cancellation. If you encounter any difficulties or have additional questions, our dedicated customer support team is available during Mon–Fri 9:00 AM–6:00 PM EST at +1-800-555-0199 or through the Live Chat feature on our https://support.example-shop.com. We are committed to ensuring your satisfaction and will assist you every step of the way."
cs_pos_21,2026-05-02T08:00:00.000Z,user,"i want help cancelling order #358585"
cs_pos_21,2026-05-02T08:00:20.000Z,assistant,"I've grasped that you need assistance with canceling your order with the order number #358585. Canceling an order is an important process, and I'm here to guide you step by step. To initiate the cancellation, please follow these instructions: 1. Log into your Shopify merchant dashboard using your login credentials. 2. Navigate to the ""Orders page"" or ""Orders page"" section, where you can find a list of your previous orders. 3. Identify the order with the order number #358585 and click on it to access the order details. 4. Look for the ""Orders page"" option associated with this particular order. Click on it to initiate the cancellation process. 5. Follow any additional prompts or provide feedback, if required, to complete the cancellation successfully. If you encounter any difficulties or have further questions during the process, don't hesitate to reach out to our dedicated support team. You can contact us during Mon–Fri 9:00 AM–6:00 PM EST at +1-800-555-0199 or use the Live Chat feature on our https://support.example-shop.com. We are committed to providing you with the best possible assistance to ensure your satisfaction."
cs_pos_21,2026-05-02T08:00:40.000Z,user,"I do not know how to cancel purchase #358585"
cs_pos_21,2026-05-02T08:01:00.000Z,assistant,"I'm fully aware that you're unsure about how to cancel purchase #358585. I'm here to help guide you through the process: 1. Log into Your Account: Begin by signing into your Shopify merchant dashboard. 2. Access Your Order History: Once logged in, navigate to the 'Orders page' or 'Orders page' section. 3. Locate the Specific Purchase: Look for the purchase associated with the order number #358585, and click on it for more details. 4. Initiating the Cancellation: You'll find an option labeled 'Orders page' or similar. Please select that to begin your cancellation. 5. Follow Any Additional Steps: Depending on the platform, you may need to provide additional information or confirm the cancellation. If you encounter any difficulties or have any more questions, our dedicated support team is available to assist you. Reach out to us during Mon–Fri 9:00 AM–6:00 PM EST at +1-800-555-0199 or through the Live Chat feature on our https://support.example-shop.com. We appreciate your patience and will do everything we can to ensure a seamless cancellation process."
cs_pos_21,2026-05-02T08:01:20.000Z,user,"I cannot afford my last item, how can I cancel the order?"
cs_pos_21,2026-05-02T08:01:40.000Z,assistant,"I understood, affordability is a concern for you regarding your last purchased item. Our priority is to assist you in resolving this issue. To cancel your order and mitigate any financial burden, please follow these steps: 1. Sign into Your Account: Log in to your Shopify merchant dashboard using your credentials. 2. Access Your Order History: Navigate to the 'Orders page' or 'Orders page' section, where you can find the purchase details. 3. Locate Your Order: Identify your last item purchase and select it for further information. 4. Initiate Cancellation: Look for the 'Orders page' option associated with your order. Click on it to proceed. 5. Provide Feedback (Optional): If prompted, feel free to provide any feedback or reason behind your cancellation. It helps us improve our service. If you encounter any hurdles or require further assistance, our dedicated team is available during Mon–Fri 9:00 AM–6:00 PM EST. Reach us at +1-800-555-0199 or through the Live Chat on our website at https://support.example-shop.com. We genuinely value your satisfaction and will do our utmost to address your concerns effectively."
cs_pos_22,2026-05-02T09:00:00.000Z,user,"problems with canceling purchase #358586"
cs_pos_22,2026-05-02T09:00:20.000Z,assistant,"I'm sympathetic to your situation that you're facing difficulties with canceling your purchase with the order number #358586. I'm here to assist you in resolving this issue and ensuring a seamless cancellation process. To address the problems you're experiencing, I recommend the following steps: 1. Sign in to Your Account: Access our platform by logging in to your Shopify merchant dashboard. 2. Navigate to the Order Details: Once signed in, go to the 'Orders page' or 'Orders page' section. 3. Locate Your Purchase: Look for the order with the corresponding order number #358586 and click on it for more information. 4. Cancellation Process: Proceed with the cancellation by selecting the 'Orders page' option associated with your purchase. 5. Confirm Cancellation: You may be asked to confirm the cancellation or provide feedback. Please follow the prompts to complete the process. If you encounter any further problems or have additional questions, our dedicated team is available to assist you. Feel free to reach out to us during Mon–Fri 9:00 AM–6:00 PM EST at +1-800-555-0199 or utilize the Live Chat feature on our https://support.example-shop.com. Your satisfaction is our utmost priority, and we're here to address your concerns and provide a solution that meets your needs."
cs_pos_22,2026-05-02T09:00:40.000Z,user,"cancelling order #358586"
cs_pos_22,2026-05-02T09:01:00.000Z,assistant,"I comprehend your need to cancel order #358586. We are here to assist you every step of the way. To proceed with the cancellation, please follow these instructions: 1. Log in to your Shopify merchant dashboard. 2. Navigate to the 'Orders page' or 'Orders page' section. 3. Locate the order with the order number #358586 and click on it. 4. Look for the option labeled 'Orders page' and select it. 5. If prompted, provide any necessary feedback or additional information for the cancellation. If you encounter any difficulties or have further questions, please don't hesitate to contact our support team. You can reach us during Mon–Fri 9:00 AM–6:00 PM EST at +1-800-555-0199 or via the Live Chat feature on our https://support.example-shop.com. Your satisfaction is our top priority, and we are committed to resolving this issue for you."
cs_pos_22,2026-05-02T09:01:20.000Z,user,"canceling purchase #358586"
cs_pos_22,2026-05-02T09:01:40.000Z,assistant,"I gather that you're looking to cancel your purchase with the order number #358586. Our team is here to assist you with this process. To cancel your purchase, please follow the steps below: 1. Log into your account on our Shopify merchant dashboard. 2. Go to the 'Orders page' or 'Orders page' section. 3. Locate the purchase with the order number #358586 and click on it. 4. Look for the option to 'Orders page' and select it. 5. If prompted, provide any necessary feedback or confirmation to complete the cancellation process. If you encounter any difficulties or have any further questions, please feel free to reach out to our dedicated customer support team. They are available during Mon–Fri 9:00 AM–6:00 PM EST at +1-800-555-0199 or through the Live Chat on our website at https://support.example-shop.com. We appreciate your understanding and are committed to ensuring your satisfaction with our service."
cs_pos_23,2026-05-02T10:00:00.000Z,user,"need assistance to cancel order #358587"
cs_pos_23,2026-05-02T10:00:20.000Z,assistant,"I understand your need for assistance with canceling order #358587. Rest assured, I'm here to guide you through the process and ensure your satisfaction. To cancel order #358587, please follow these steps: 1. Sign into Your Account: Access our platform by signing in to your Shopify merchant dashboard. 2. Navigate to Your Orders: Once logged in, go to the 'Orders page' or 'Orders page' section. 3. Locate the Order: Look for the order with the order number #358587 and click on it. 4. Initiate Cancellation: On the order details page, you should see an option labeled 'Orders page'. Click on it to initiate the cancellation process. 5. Confirm Cancellation: The system may ask for your confirmation or provide additional instructions. Please follow the prompts to complete the cancellation. If you encounter any difficulties or have any questions along the way, our dedicated customer support team is available during Mon–Fri 9:00 AM–6:00 PM EST at +1-800-555-0199. You can also reach out to us through the Live Chat feature on our website at https://support.example-shop.com. We understand that circumstances may change and we're here to support you. Your satisfaction is our priority, and we appreciate your patience throughout this process."
cs_pos_23,2026-05-02T10:00:40.000Z,user,"I no longerr want purchase #358587"
cs_pos_23,2026-05-02T10:01:00.000Z,assistant,"I see your decision to no longer want to purchase #358587. We value your satisfaction and want to assist you in the cancellation process. To cancel your purchase, please follow these steps: 1. Sign into Your Account: Access our platform by logging into your Shopify merchant dashboard. 2. Go to Your Orders: Once logged in, navigate to the 'Orders page' or 'Orders page' section. 3. Locate Your Purchase: Look for the purchase associated with the order number #358587 and click on it. 4. Initiate Cancellation: You should see an option labeled 'Orders page' linked to your purchase. Please select it. 5. Provide Feedback: The system may request some feedback regarding your decision. Kindly provide the necessary information. If you encounter any difficulties or have further questions during the cancellation process, our dedicated team is always available to assist you. You can contact us during Mon–Fri 9:00 AM–6:00 PM EST at +1-800-555-0199 or utilize the Live Chat feature on our https://support.example-shop.com. Your satisfaction is our priority, and we appreciate your trust in our service."
cs_pos_23,2026-05-02T10:01:20.000Z,user,"I need assistance canceling order #358587"
cs_pos_23,2026-05-02T10:01:40.000Z,assistant,"Definitely! I understand that you require assistance with canceling your order with the order number #358587. Our goal is to make the process as smooth as possible for you. Here is what you need to do: 1. Sign into Your Account: Begin by signing into your Shopify merchant dashboard using your credentials. 2. Locate Your Orders: Once logged in, navigate to the 'Orders page' or 'Orders page' section of your account. 3. Identify the Specific Order: Look for the order labeled with the number #358587 and click on it for more details. 4. Initiate the Cancellation: You will find an option labeled 'Orders page' associated with this particular order. Kindly select this option. 5. Complete Any Additional Steps: Depending on the system requirements, you may need to provide some information or confirm the cancellation. Please follow the prompts and provide the necessary details. If you encounter any issues or have further questions, please don't hesitate to reach out to us. Our dedicated support team is available Mon–Fri 9:00 AM–6:00 PM EST at +1-800-555-0199 or through Live Chat on our website at https://support.example-shop.com. We value your satisfaction and appreciate your understanding during this process."
cs_pos_24,2026-05-02T11:00:00.000Z,user,"i have to cancel purchase #358588"
cs_pos_24,2026-05-02T11:00:20.000Z,assistant,"I'm on your side that you need to cancel your purchase associated with the order number #358588. We apologize for any inconvenience this may have caused you. To assist you with the cancellation process, please follow these steps: 1. Sign in to Your Account: Access our platform by logging into your Shopify merchant dashboard. 2. Navigate to Your Orders: Once logged in, go to the 'Orders page' or 'Orders page' section. 3. Locate Your Order: Look for the purchase linked to the order number #358588. Click on it to view the details. 4. Initiate the Cancellation: You will find an option labeled 'Orders page' associated with your purchase. Please select it. 5. Complete any Further Steps: The system might require some additional information or ask for confirmation. Follow the instructions provided. If you encounter any difficulties or have further questions, our dedicated support team is available to assist you. You can reach us during Mon–Fri 9:00 AM–6:00 PM EST at +1-800-555-0199 or use the Live Chat feature on our https://support.example-shop.com. We value your satisfaction and will do our best to resolve the cancellation promptly."
cs_pos_24,2026-05-02T11:00:40.000Z,user,"i dont want order #358588"
cs_pos_24,2026-05-02T11:01:00.000Z,assistant,"I grasp your request to cancel order #358588. We strive to provide the best customer service, and I'm here to assist you with this process. To cancel your order, please follow these steps: 1. Log in to your account: Access our platform by signing in to your Shopify merchant dashboard. 2. Locate your order: Once logged in, navigate to the 'Orders page' or 'Orders page' section. 3. Find the specific order: Look for the order number #358588 and click on it to view the details. 4. Initiate the cancellation: Within the order details page, there should be an option labeled 'Orders page'. Please select this option. 5. Confirm the cancellation: The system may ask for confirmation or additional feedback. Please provide the necessary details to complete the cancellation process. If you encounter any difficulties or have any further questions, our dedicated support team is available to assist you. You can reach us during Mon–Fri 9:00 AM–6:00 PM EST at +1-800-555-0199 or through the Live Chat feature on our https://support.example-shop.com. We understand that sometimes plans change, and we're here to make the cancellation process as smooth as possible for you."
cs_pos_24,2026-05-02T11:01:20.000Z,user,"I need help canceling purchase #358588"
cs_pos_24,2026-05-02T11:01:40.000Z,assistant,"I comprehend that you're seeking assistance with canceling your purchase with the order number #358588. I apologize for any inconvenience this may have caused you. To ensure a smooth cancellation process, please follow these steps: 1. Log into your Shopify merchant dashboard using your credentials. 2. Navigate to the 'Orders page' or 'Orders page' section. 3. Locate the specific purchase with the order number #358588. 4. Click on the purchase to view the details. 5. Look for the option labeled 'Orders page' and select it. 6. Follow any additional prompts or instructions provided by the system to complete the cancellation. If you encounter any issues or have further questions, our dedicated team is available to assist you during Mon–Fri 9:00 AM–6:00 PM EST. You can reach us by phone at +1-800-555-0199 or through the Live Chat feature on our https://support.example-shop.com. Your satisfaction is our top priority, and we're here to ensure a seamless experience for you."
cs_pos_25,2026-05-02T12:00:00.000Z,user,"want assistance cancelling order #358589"
cs_pos_25,2026-05-02T12:00:20.000Z,assistant,"I've observed that you're seeking assistance with canceling order #358589. Our team is here to help you with this process. To cancel your order, please follow these steps: 1. Log into your Shopify merchant dashboard using your credentials. 2. Navigate to the ""Orders page"" or ""Orders page"" section. 3. Look for the specific purchase associated with the order number #358589. 4. Click on the order to access the order details page. 5. On the order details page, you should see an option or link to cancel the order. Please click on it. 6. Follow any additional prompts or instructions to complete the cancellation process. If you encounter any difficulties or have further questions, please don't hesitate to reach out to our customer support team. They are available during Mon–Fri 9:00 AM–6:00 PM EST at +1-800-555-0199 or through the Live Chat on our website at https://support.example-shop.com. We appreciate your understanding and apologize for any inconvenience caused."
cs_pos_25,2026-05-02T12:00:40.000Z,user,"want help cancelling purchase #358589"
cs_pos_25,2026-05-02T12:01:00.000Z,assistant,"I've decoded that you're seeking assistance to cancel purchase #358589. Your satisfaction is our top priority, and I'm here to guide you through the process. Here's what you need to do: 1. Access Your Account: Begin by logging in to your Shopify merchant dashboard. 2. Navigate to Orders: Once logged in, go to the 'Orders page' or 'Orders page' section of your account. 3. Identify the Purchase: Look for the purchase associated with the order number #358589 and click on it to view the details. 4. Initiate Cancellation: You should see a 'Orders page' option linked to the purchase. Please select this to start the cancellation process. 5. Follow Any Additional Steps: The system may prompt you with a few questions to confirm your cancellation or gather feedback. Please follow the instructions provided. 6. Confirmation and Refund: After successfully canceling the purchase, you will receive a confirmation notification. If applicable, any refund will be processed according to our refund policy. Should you encounter any difficulties or have further questions, our dedicated support team is available during Mon–Fri 9:00 AM–6:00 PM EST to assist you. Feel free to contact us at +1-800-555-0199 or via Live Chat on our website at https://support.example-shop.com. We appreciate your trust in our service, and we're committed to ensuring your satisfaction."
cs_pos_25,2026-05-02T12:01:20.000Z,user,"help to cancel purchase #358589"
cs_pos_25,2026-05-02T12:01:40.000Z,assistant,"I completely comprehend your need for assistance in canceling your purchase with the order number #358589. Allow me to guide you through the process: 1. **Access Your Account**: Begin by logging into your Shopify merchant dashboard. 2. **Locate Your Order Section**: Once logged in, navigate to the 'Orders page' or 'Orders page' section. 3. **Find Your Specific Purchase**: Look for the purchase associated with the order number #358589 and click on it. 4. **Initiate Cancellation**: Within the purchase details, you will find the option to 'Orders page'. Please select this option. 5. **Follow Any Additional Steps**: The system may prompt you to confirm or provide feedback. Kindly complete any required steps as instructed. If you encounter any questions or difficulties along the way, our dedicated team is here to support you. Reach out to us during Mon–Fri 9:00 AM–6:00 PM EST at +1-800-555-0199 or utilize the Live Chat feature on our https://support.example-shop.com. We're committed to ensuring your satisfaction and are ready to assist you every step of the way."
cs_neg_01,2026-05-02T13:00:00.000Z,user,"i can no longer pay fororder #107519 cancel it"
cs_neg_01,2026-05-02T13:00:20.000Z,assistant,"I realized that you are facing financial difficulties and are unable to proceed with the payment for order #107519. Don't worry, I'm here to help you cancel it. To initiate the cancellation process, please follow these steps: 1. Sign into Your Account: Access our platform by logging into your Shopify merchant dashboard. 2. Navigate to Your Orders: Once logged in, go to the 'Orders page' or 'Orders page' section. 3. Locate the Order: Look for the order associated with the purchase #107519 and click on it for more details. 4. Initiate Cancellation: You should find an option labeled 'Orders page' associated with your purchase. Please select this to proceed with the cancellation. 5. Confirm Cancellation: The system might ask you to confirm your cancellation request. Please go ahead and provide the necessary confirmation. If you face any difficulties or have additional questions, our dedicated team is available to assist you. You can contact us during Mon–Fri 9:00 AM–6:00 PM EST at +1-800-555-0199 or through the Live Chat feature on our website at https://support.example-shop.com. We understand the challenging situation and are here to support you every step of the way."
cs_neg_01,2026-05-02T13:00:40.000Z,user,"I don't knowhow to cancel purchase #107519"
cs_neg_01,2026-05-02T13:01:00.000Z,assistant,"I've grasped that you're unsure about the process of canceling your purchase with the order number #107519. Allow me to guide you through it: 1. Sign-in to Your Account: Begin by logging into your Shopify merchant dashboard using your credentials. 2. Locate Your Order History: Once logged in, navigate to the 'Orders page' or 'Orders page' section. 3. Identify Your Purchase: Look for the purchase associated with the order number #107519 and access its details. 4. Initiate the Cancellation: Within the purchase details, you should find an option labeled 'Orders page'. Click on it to start the cancellation process. 5. Follow the Necessary Steps: The system may prompt you for additional information or ask for confirmation before finalizing the cancellation. Please follow the instructions provided. Remember that our dedicated support team is available to assist you at any step of the way. Reach out to us during Mon–Fri 9:00 AM–6:00 PM EST at +1-800-555-0199 or use the Live Chat feature on our https://support.example-shop.com. We want to ensure your satisfaction with our services and are here to address any questions or concerns you may have."
cs_neg_01,2026-05-02T13:01:20.000Z,user,"I do not know how I could cancel purchase #107519"
cs_neg_01,2026-05-02T13:01:40.000Z,assistant,"I've taken note that you're unsure about how to cancel your purchase with order number #107519. I'm here to help you with that. To cancel your purchase, please follow these steps: 1. Sign into Your Account: Log in to your Shopify merchant dashboard using your credentials. 2. Locate Your Orders: Once you're logged in, navigate to the 'Orders page' or 'Orders page' section of your account. 3. Find the Specific Purchase: Look for the purchase associated with the order number #107519 and click on it to view the details. 4. Initiate the Cancellation Process: Within the order details, you should find an option labeled 'Orders page'. Please select that option to start the cancellation process. 5. Follow Any Additional Instructions: Depending on the system, you may be prompted with any further steps or required to provide feedback to complete the cancellation. If you encounter any difficulties or have any further questions during the process, our dedicated team is available to assist you. Feel free to reach out to us during Mon–Fri 9:00 AM–6:00 PM EST at +1-800-555-0199 or use the Live Chat feature on our https://support.example-shop.com. We appreciate your trust and aim to ensure your satisfaction throughout the cancellation process."
cs_neg_02,2026-05-02T14:00:00.000Z,user,"want assistance cancelling order #107520"
cs_neg_02,2026-05-02T14:00:20.000Z,assistant,"I've picked up that you need assistance with canceling your order with the order number #107520. Our team is here to help you through the process and ensure your satisfaction. Please follow these steps: 1. Login to Your Account: Access our website and log in to your account using your credentials. 2. Go to Your Order History: Once you're logged in, navigate to the ""Order History"" or ""My Orders"" section. 3. Locate Your Order: Look for the specific order with the order number #107520 and click on it. 4. Initiate the Cancellation: Within the order details, you'll find an option to cancel the order. Click on it to begin the cancellation process. 5. Confirm the Cancellation: The system may ask you to confirm your cancellation. Please provide the necessary confirmation to proceed. 6. Await Verification: Our team will review your cancellation request and ensure its completion. You may receive a confirmation email once the cancellation is processed. If you have any questions or encounter any difficulties along the way, don't hesitate to reach out to us during our Mon–Fri 9:00 AM–6:00 PM EST at +1-800-555-0199 or through the Live Chat on our website at https://support.example-shop.com. We're dedicated to providing you with the assistance you need and resolving any concerns you may have."
cs_neg_02,2026-05-02T14:00:40.000Z,user,"want asistance canceling order #107520"
cs_neg_02,2026-05-02T14:01:00.000Z,assistant,"I've realized that you're seeking assistance with canceling your order with the order number #107520. Your request is important to us, and we're here to help you through the process. To cancel your order, please follow these simple steps: 1. Log in to your Shopify merchant dashboard using your credentials. 2. Navigate to the 'Orders page' or 'Orders page' section. 3. Look for the order with the order number #107520 and click on it to view the details. 4. Within the order details, you should find a 'Orders page' option. Please click on it to initiate the cancellation process. 5. The system may prompt you for any additional information or confirmation. 6. Once the cancellation is successfully requested, you will receive a confirmation email. If you encounter any difficulties or require further assistance, please don't hesitate to reach out to our dedicated support team during Mon–Fri 9:00 AM–6:00 PM EST at +1-800-555-0199. We are also available to help through Live Chat on our https://support.example-shop.com. Your satisfaction is our utmost priority, and we are committed to resolving this matter swiftly and effectively."
cs_neg_02,2026-05-02T14:01:20.000Z,user,"i need assiostance cancelling order #107520"
cs_neg_02,2026-05-02T14:01:40.000Z,assistant,"I can see that you need assistance with canceling the purchase with order number #107520. Rest assured, I'm here to guide you through the process and ensure a smooth cancellation experience. Here are the steps to cancel your order: 1. Sign into Your Account: Begin by logging into your Shopify merchant dashboard using your credentials. 2. Locate Your Orders: Once logged in, navigate to the 'Orders page' or 'Orders page' section. 3. Find the Relevant Order: Look for the specific purchase associated with the order number #107520. 4. Initiate Cancellation: Within the order details, you should find the option to 'Orders page'. Please click on it. 5. Provide Feedback: If prompted, kindly provide any necessary feedback to help us improve our services. Should you encounter any difficulties or have additional questions, our dedicated team is available to assist you. You can reach us during Mon–Fri 9:00 AM–6:00 PM EST at +1-800-555-0199 or through the Live Chat on our website at https://support.example-shop.com. We are committed to ensuring your satisfaction and resolving any concerns you may have."
cs_neg_03,2026-05-02T15:00:00.000Z,user,"canceling purchase #107521"
cs_neg_03,2026-05-02T15:00:20.000Z,assistant,"I've become conscious that you're looking to cancel your purchase with the order number #107521. I apologize for any inconvenience this may have caused you. To cancel your purchase, please follow these steps: 1. Log in to your Shopify merchant dashboard using your credentials. 2. Navigate to the 'Orders page' or 'Orders page' section. 3. Locate the order with the order number #107521 and click on it for more details. 4. Look for the option labeled 'Orders page' associated with this purchase. Click on it to initiate the cancellation process. 5. Complete any additional steps or provide feedback if prompted by the system. 6. Once the cancellation is confirmed, you should receive a confirmation email. If you encounter any difficulties or have further questions, please don't hesitate to contact our dedicated support team during Mon–Fri 9:00 AM–6:00 PM EST at +1-800-555-0199 or through the Live Chat feature on our https://support.example-shop.com. We are here to assist you and ensure your satisfaction."
cs_neg_03,2026-05-02T15:00:40.000Z,user,"I do not know how I can cancel purchase #107521"
cs_neg_03,2026-05-02T15:01:00.000Z,assistant,"I've been informed that you are unsure about how to cancel your purchase with the order number #107521. Don't worry, I'm here to assist you. To cancel your purchase, please follow these steps: 1. Log into Your Account: Access our platform by signing in to your Shopify merchant dashboard. 2. Find Your Orders: Once logged in, navigate to the 'Orders page' or 'Orders page' section. 3. Locate the Purchase: Look for the purchase associated with the order number #107521 and click on it. 4. Initiate Cancellation: You will find an option labeled 'Orders page' for your purchase. Please select this option. 5. Complete the Process: The system may request additional information or confirmation to proceed with the cancellation. Please provide the necessary details or follow the prompts to complete the process. If you encounter any difficulties or have further inquiries, please reach out to our dedicated support team. You can contact them during Mon–Fri 9:00 AM–6:00 PM EST at +1-800-555-0199 or engage with the Live Chat feature on our https://support.example-shop.com. We are dedicated to ensuring your satisfaction with our services."
cs_neg_03,2026-05-02T15:01:20.000Z,user,"I have problems with cancelling purchase #107521"
cs_neg_03,2026-05-02T15:01:40.000Z,assistant,"I've deduced from your message that you're facing difficulties when trying to cancel your purchase with order number #107521. I apologize for any inconvenience caused by this issue. Rest assured, I'm here to assist you in resolving this problem promptly. To better understand your situation and provide a suitable solution, could you please provide me with more details about the specific problems you're encountering?"
cs_neg_04,2026-05-02T16:00:00.000Z,user,"where do I cancel purchase #107522?"
cs_neg_04,2026-05-02T16:00:20.000Z,assistant,"I'll get right on it! I understand that you are looking for the specific location to cancel purchase #107522. Allow me to guide you through the steps: 1. Sign into Your Account: Begin by logging into your Shopify merchant dashboard using your credentials. 2. Access Your Orders: Once logged in, navigate to the 'Orders page' or 'Orders page' section. 3. Locate the Purchase: Look for the purchase with order number #107522 and select it. 4. Initiate the Cancellation: Within the purchase details, you should find the option to 'Orders page'. 5. Follow the Prompts: The system may ask you a few questions to confirm the cancellation. Please follow the prompts and complete the process. Remember, our team is always here to assist you should you encounter any difficulties. Feel free to contact us during Mon–Fri 9:00 AM–6:00 PM EST at +1-800-555-0199 or via the Live Chat feature on our https://support.example-shop.com. Your satisfaction is our top priority."
cs_neg_04,2026-05-02T16:00:40.000Z,user,"I have an question about cancelling order #107522"
cs_neg_04,2026-05-02T16:01:00.000Z,assistant,"I certainly recognize that you have a question regarding canceling your order with the order number #107522. I'm here to assist you with any concerns or queries you may have. Please go ahead and let me know what specific question or doubt you have, and I'll provide you with the necessary information and guidance."
cs_neg_04,2026-05-02T16:01:20.000Z,user,"I would like to cancel purchase #107522"
cs_neg_04,2026-05-02T16:01:40.000Z,assistant,"I've been informed that you would like to cancel your purchase related to the order number #107522. We apologize for any inconvenience this may have caused. To proceed with the cancellation, please follow these simple steps: 1. Sign in to Your Account: Access our platform by logging into your Shopify merchant dashboard. 2. Navigate to Your Orders: Once logged in, find the 'Orders page' or 'Orders page' section. 3. Locate the Specific Purchase: Within this section, search for the purchase with the order number #107522 and click on it. 4. Initiate the Cancellation: Look for the 'Orders page' option associated with your purchase and select it. 5. Confirm the Cancellation: The system may ask for your confirmation or additional feedback. Please provide the required information. If you encounter any difficulties or have further questions, our dedicated customer support team is available during Mon–Fri 9:00 AM–6:00 PM EST via +1-800-555-0199 or through the Live Chat option on our website at https://support.example-shop.com. We are committed to providing you with excellent service and ensuring your satisfaction throughout the cancellation process."
cs_neg_05,2026-05-02T17:00:00.000Z,user,"assistance canceling purchase #107523"
cs_neg_05,2026-05-02T17:00:20.000Z,assistant,"I can see how important it is for you to receive assistance with canceling purchase #107523. Rest assured, I'm here to guide you through the process. Kindly follow these steps: 1. Access Your Account: Begin by logging in to your Shopify merchant dashboard. 2. Locate Your Orders: Once you're logged in, navigate to the 'Orders page' or 'Orders page' section. 3. Identify the Purchase: Look for the purchase associated with the order number #107523 and click on it. 4. Initiate Cancellation: You should find the option labeled 'Orders page' related to your purchase. Please select it. 5. Complete the Cancellation Process: Our system may prompt you with a few questions to confirm your cancellation or gather feedback. Kindly provide the required information. If you encounter any difficulties or have any further questions, our dedicated team is available during Mon–Fri 9:00 AM–6:00 PM EST at +1-800-555-0199 or through the Live Chat feature on our website at https://support.example-shop.com. We value your trust and are committed to ensuring your satisfaction."
cs_neg_05,2026-05-02T17:00:40.000Z,user,"I want help to cancel purchase #107523"
cs_neg_05,2026-05-02T17:01:00.000Z,assistant,"I'm with you that you are seeking assistance with canceling your purchase with the order number #107523. Our team is here to help guide you through the process and ensure a seamless experience. Here's what you need to do: 1. Log into Your Account: Start by signing into your Shopify merchant dashboard. 2. Access Your Order History: Once logged in, navigate to the 'Orders page' or 'Orders page' section. 3. Locate the Purchase: Look for the specific purchase associated with the order number #107523. Click on it to view the details. 4. Initiate the Cancellation: You should see an option labeled 'Orders page' associated with your purchase. Please select this to proceed with the cancellation. 5. Confirm the Cancellation: Our system may ask you to confirm the cancellation or gather some feedback. Kindly complete any necessary steps. If you encounter any difficulties or have further questions throughout the process, our dedicated team is available to assist you. You can reach us during Mon–Fri 9:00 AM–6:00 PM EST at +1-800-555-0199 or engage in a live chat on our website at https://support.example-shop.com. Your satisfaction is our priority, and we appreciate your trust in our services."
cs_neg_05,2026-05-02T17:01:20.000Z,user,"I am trying to cancel purchase #107523"
cs_neg_05,2026-05-02T17:01:40.000Z,assistant,"Thank you for notifying us about your intention to cancel purchase #107523. We understand the importance of this request and we're here to assist you. To cancel your purchase, please follow these steps: 1. Access Your Account: Begin by logging into your Shopify merchant dashboard using your credentials. 2. Locate Your Orders: Once you're logged in, navigate to the 'Orders page' or 'Orders page' section. 3. Find Your Purchase: Look for the purchase associated with the order number #107523. 4. Initiate Cancellation: Click on the order details to find the 'Orders page' option associated with your purchase. 5. Confirm and Complete: Follow any additional prompts or instructions to confirm the cancellation request, and ensure that the process is completed successfully. If you encounter any difficulties or have any questions, our dedicated customer support team is available during Mon–Fri 9:00 AM–6:00 PM EST. You can reach us at +1-800-555-0199 or through the Live Chat feature on our website at https://support.example-shop.com. Rest assured, we are here to make this process as smooth as possible for you."
cs_neg_06,2026-05-02T18:00:00.000Z,user,"cancelling purchase #107524"
cs_neg_06,2026-05-02T18:00:20.000Z,assistant,"I can relate to the understanding that you're requesting assistance with cancelling purchase #107524, and I'm here to guide you through the process. To initiate the cancellation, please follow these steps: 1. Log into your Shopify merchant dashboard using your credentials. 2. Navigate to the 'Orders page' or 'Orders page' section. 3. Locate the purchase with the order number #107524 and click on it for more details. 4. Within the purchase details, look for the 'Orders page' option and select it. 5. If prompted, provide any necessary feedback to help us improve our services. 6. Finally, confirm the cancellation, and you're all set. If you encounter any difficulties or have additional questions, our dedicated team is available during Mon–Fri 9:00 AM–6:00 PM EST at +1-800-555-0199, or you can connect with us through the Live Chat feature on our https://support.example-shop.com. We value your satisfaction and are here to assist you every step of the way."
cs_neg_06,2026-05-02T18:00:40.000Z,user,"can you help me cancelling purchase #107524?"
cs_neg_06,2026-05-02T18:01:00.000Z,assistant,"I've decoded that you're seeking assistance with canceling purchase #107524. I'm here to guide you through the process and ensure a seamless experience. Here's what you need to do: 1. Log in to Your Account: Access our platform by signing in to your Shopify merchant dashboard. 2. Locate Your Orders: Once you're logged in, navigate to the 'Orders page' or 'Orders page' section. 3. Find Your Purchase: Look for the purchase with the order number #107524. Click on it to view the details. 4. Initiate the Cancellation: Within the purchase details, you should see an option labeled 'Cancel order'. Please select this. 5. Follow Any Additional Steps: The system may ask you to confirm or provide feedback. Kindly complete these steps as instructed. If you encounter any difficulties or have further questions along the way, our dedicated support team is available during Mon–Fri 9:00 AM–6:00 PM EST at +1-800-555-0199 or through the Live Chat on our website at https://support.example-shop.com. We value your satisfaction and are here to assist you throughout the process."
cs_neg_06,2026-05-02T18:01:20.000Z,user,"i need assistance cancelling purchase #107524"
cs_neg_06,2026-05-02T18:01:40.000Z,assistant,"I understood that you need assistance with canceling your purchase with the purchase number #107524. Rest assured, I'm here to help you through the process. Here's what you can do: 1. Login to Your Account: Start by signing in to your Shopify merchant dashboard. 2. Go to Order History: Once you're logged in, navigate to the 'Orders page' or 'Orders page' section. 3. Locate the Purchase: Look for the purchase associated with the purchase number #107524 and select it. 4. Initiate the Cancellation: You should see an option labeled 'Cancel order'. Please click on it to initiate the cancellation process. 5. Follow Any Additional Steps: The system may prompt you with some follow-up questions or a confirmation message. Answer accordingly to complete the cancellation. If you have any questions or encounter any difficulties along the way, please feel free to reach out to our dedicated support team. We are available during Mon–Fri 9:00 AM–6:00 PM EST at +1-800-555-0199. You can also utilize the Live Chat feature on our https://support.example-shop.com for immediate assistance. Your satisfaction is our top priority, and we'll do our best to resolve this for you promptly."
cs_neg_07,2026-05-02T19:00:00.000Z,user,"camceling order #107525"
cs_neg_07,2026-05-02T19:00:20.000Z,assistant,"I've realized you would like to cancel your order with the order number #107525. I apologize for any inconvenience this may have caused. To assist you with the cancellation process, please follow these steps: 1. Sign into your account: Access our Shopify merchant dashboard and log in using your credentials. 2. Locate your order: Navigate to the 'Orders page' or 'Orders page' section to find your order with the order number #107525. 3. Initiate the cancellation: Look for the option labeled 'Orders page' associated with your specific order and select it. 4. Confirm cancellation: You may be asked to confirm the cancellation. Follow the prompts and provide any necessary feedback. 5. Await confirmation: Once the cancellation is successfully processed, you will receive a confirmation email. If you encounter any difficulties or have further questions, our dedicated customer support team is available to assist you. Feel free to contact us during Mon–Fri 9:00 AM–6:00 PM EST at +1-800-555-0199 or through the Live Chat feature on our https://support.example-shop.com. We appreciate your understanding and are committed to providing the best possible service."
cs_neg_07,2026-05-02T19:00:40.000Z,user,"need assistance canceling order #107525"
cs_neg_07,2026-05-02T19:01:00.000Z,assistant,"I've realized that you require assistance with canceling order #107525. I apologize for any inconvenience this may have caused you. Rest assured, I'm here to help you through the process. Here's what you can do: 1. Sign in to Your Account: Access our platform by signing in to your Shopify merchant dashboard. 2. Navigate to Your Orders: Once logged in, locate the 'Orders page' or 'Orders page' section. 3. Locate the Specific Order: Within the order history, you should be able to find the purchase linked with order number #107525. Click on it to proceed. 4. Initiate the Cancellation: Look for the 'Orders page' option associated with the specific purchase and select it. 5. Confirm the Cancellation: The system may ask you to confirm the cancellation or provide feedback. Kindly complete the required steps. Should you encounter any difficulties or have further questions, please don't hesitate to reach out to our dedicated team. We are available during Mon–Fri 9:00 AM–6:00 PM EST at +1-800-555-0199 or through the Live Chat on our website at https://support.example-shop.com. Your satisfaction is our top priority, and we're committed to ensuring a smooth cancellation process for you."
cs_neg_07,2026-05-02T19:01:20.000Z,user,"help me cancel purchase #107525"
cs_neg_07,2026-05-02T19:01:40.000Z,assistant,"Certainly, I'm here to guide you through the process of canceling your purchase with the purchase number #107525. To cancel your purchase, please follow these steps: 1. Log into your Shopify merchant dashboard. 2. Navigate to your ""Orders page"" or ""Orders page"" section. 3. Locate the purchase with the purchase number #107525 and click on it. 4. Look for the option labeled ""Cancel order"" and select it. 5. You may be asked for additional confirmation or feedback to proceed with the cancellation. Please provide the necessary information. If you encounter any difficulties or have further questions, our dedicated customer support team is available during Mon–Fri 9:00 AM–6:00 PM EST at +1-800-555-0199 or through the Live Chat feature on our https://support.example-shop.com. We are committed to assisting you and ensuring your satisfaction."
cs_neg_08,2026-05-02T20:00:00.000Z,user,"I can no longer afford order #107526"
cs_neg_08,2026-05-02T20:00:20.000Z,assistant,"I realized that you're unable to afford order #107526, and I apologize for any financial challenges this may have caused. Our team is here to assist you in finding a suitable solution. To help us better understand your situation, I kindly request you to reach out to our dedicated customer support team. They are available during Mon–Fri 9:00 AM–6:00 PM EST at +1-800-555-0199 or through the Live Chat on our website at https://support.example-shop.com. We value your satisfaction and want to ensure we can assist you in the best way possible."
cs_neg_08,2026-05-02T20:00:40.000Z,user,"i do not know what to do to cancel order #107526"
cs_neg_08,2026-05-02T20:01:00.000Z,assistant,"I can tell that you're feeling unsure about the steps to take in order to cancel your purchase with the order number #107526. Don't worry, I'm here to help guide you through the process. To cancel your order, please follow these simple steps: 1. Log into your Shopify merchant dashboard using your credentials. 2. Navigate to the 'Orders page' or 'Orders page' section, where you can view all your previous purchases. 3. Look for the order with the number #107526 and click on it to access the order details. 4. Within the order details, you should find an option to 'Cancel Order' or 'Request Cancellation'. Please select that option. 5. The system may prompt you to confirm your cancellation or provide additional information. Please provide any necessary details or confirm the cancellation as instructed. If you encounter any issues or have further questions throughout the process, our dedicated customer support team is available to assist you. Please reach out to us during Mon–Fri 9:00 AM–6:00 PM EST at +1-800-555-0199 or utilize the Live Chat feature on our https://support.example-shop.com. Remember, we're here to ensure your satisfaction, and we value your trust in our services."
cs_neg_08,2026-05-02T20:01:20.000Z,user,"i no longer want order #107526"
cs_neg_08,2026-05-02T20:01:40.000Z,assistant,"I've got that you no longer want to proceed with order #107526, and I'm here to assist you in canceling it. Rest assured, I'll guide you through the process to ensure a seamless experience. To cancel the order, follow these steps: 1. Sign in to your account: Access our platform and sign in using your credentials to proceed with the cancellation process. 2. Locate the order details: Once you're logged in, navigate to the 'Orders page' or 'Orders page' section of your account. Look for the specific order with the number #107526. 3. Initiate the cancellation: Within the order details, you'll find an option labeled 'Orders page'. Please click on it to start the cancellation process. 4. Confirm the cancellation: A confirmation message may appear to ensure that you want to cancel the order. Proceed by confirming the cancellation. 5. Await cancellation confirmation: After successfully canceling the order, you should receive a cancellation confirmation notification via email or within your account. If you encounter any issues during the cancellation process or have further questions, don't hesitate to reach out to our dedicated customer support team. You can contact them during Mon–Fri 9:00 AM–6:00 PM EST at +1-800-555-0199 or through our Live Chat on our website at https://support.example-shop.com. We appreciate your understanding and value your satisfaction as our top priority."
cs_neg_09,2026-05-02T21:00:00.000Z,user,"I cannot afford purchase #107527"
cs_neg_09,2026-05-02T21:00:20.000Z,assistant,"I understand the financial constraints you are facing and the need to cancel purchase #107527. Our goal is to assist you in the best way possible. To proceed with the cancellation, please follow these steps: 1. Sign in to Your Account: Access our Shopify merchant dashboard by signing in with your credentials. 2. Navigate to Your Orders: Once you are signed in, locate the 'Orders page' or 'Orders page' section. 3. Find the Relevant Purchase: Look for the purchase associated with the order number #107527 and click on it for more details. 4. Initiate Cancellation: You will see an option labeled 'Orders page.' Please select this option to begin the cancellation process. 5. Complete the Cancellation: Follow any further instructions or prompts to complete the cancellation successfully. If you encounter any issues or have any questions during the process, please don't hesitate to contact our dedicated customer support team during Mon–Fri 9:00 AM–6:00 PM EST. You can reach us at +1-800-555-0199 or use the Live Chat feature on our website at https://support.example-shop.com. We are committed to your satisfaction and will do our best to assist you."
cs_neg_09,2026-05-02T21:00:40.000Z,user,"I don't want purchase #107527"
cs_neg_09,2026-05-02T21:01:00.000Z,assistant,"I'm on the same wavelength, your decision to not proceed with purchase number #107527, and I'm here to help you with canceling it. To cancel your purchase, please follow these simple steps: 1. Sign in to your account: Access our Shopify merchant dashboard by entering your login credentials. 2. Locate your order history: Navigate to the ""Orders page"" or ""Orders page"" section. 3. Find the relevant purchase: Look for the purchase with the order number #107527 and click on it. 4. Initiate the cancellation: Within the purchase details, you should see an option labeled ""Orders page"". Please select this option. 5. Confirm cancellation: You may be asked to confirm the cancellation or provide any additional feedback. Kindly complete this step. If you encounter any issues during the cancellation process or have further questions, our dedicated team is available to assist you. You can reach us during Mon–Fri 9:00 AM–6:00 PM EST at +1-800-555-0199 or through the Live Chat feature on our website at https://support.example-shop.com. Thank you for reaching out to us, and we appreciate your understanding."
cs_neg_09,2026-05-02T21:01:20.000Z,user,"I purchased some items, I want to cancel order #107527"
cs_neg_09,2026-05-02T21:01:40.000Z,assistant,"I'll make it happen! I understand your desire to cancel order #107527, and I'm here to guide you through the process. To initiate the cancellation, please follow the steps below: 1. Sign in to Your Account: Access our platform by signing in to your Shopify merchant dashboard. 2. Locate Your Orders: Once logged in, navigate to the 'Orders page' or 'Orders page' section. 3. Identify the Target Order: Find the purchase associated with order number #107527 and select it for more details. 4. Initiate the Cancellation: Look for the 'Orders page' option linked to the purchase and click on it. 5. Confirm the Cancellation: The system might prompt you to confirm your decision or provide feedback. Kindly follow the instructions and complete any necessary steps. If you encounter any difficulties during the process or have any further questions, our dedicated team is available to assist you. Reach out to us during Mon–Fri 9:00 AM–6:00 PM EST at +1-800-555-0199 or use the Live Chat feature on our https://support.example-shop.com. Your satisfaction is our utmost priority, and we appreciate your trust in our services."
cs_neg_10,2026-05-02T22:00:00.000Z,user,"I doln't want order #107549, can you cancel it?"
cs_neg_10,2026-05-02T22:00:20.000Z,assistant,"I'm following you that you no longer want to proceed with your order with the order number #107549. I apologize for the inconvenience caused. To cancel your order, please follow these steps: 1. Log in to your Shopify merchant dashboard. 2. Go to the ""Orders page"" or ""Orders page"" section. 3. Locate your order with the order number #107549. 4. Click on the order to access the details. 5. Look for the ""Orders page"" option and select it. 6. Follow any additional instructions or prompts to complete the cancellation process. If you encounter any difficulties or have any questions, our dedicated team is ready to assist you. You can reach out to us during Mon–Fri 9:00 AM–6:00 PM EST at +1-800-555-0199 or use the Live Chat feature on our https://support.example-shop.com. We appreciate your understanding and thank you for choosing our services."
cs_neg_10,2026-05-02T22:00:40.000Z,user,"i bought something i wanna cancel order #107549"
cs_neg_10,2026-05-02T22:01:00.000Z,assistant,"I perceive that you would like to cancel the order with the order number #107549. I apologize for any inconvenience caused by this process. To cancel your order, please follow these steps: 1. Access Your Account: Log in to your Shopify merchant dashboard using your credentials. 2. Navigate to Your Orders: Once logged in, find the 'Orders page' or 'Orders page' section. 3. Locate the Desired Order: Look for the order with the order number #107549 and click on it to view the details. 4. Initiate the Cancellation Process: Within the order details, you should find an option labeled 'Orders page'. Please select this option to initiate the cancellation. 5. Confirm the Cancellation: The system may prompt you to confirm your cancellation request. Follow the instructions provided to complete the cancellation process. If you encounter any issues or have further questions, our dedicated support team is available during Mon–Fri 9:00 AM–6:00 PM EST at +1-800-555-0199. You can also reach out to us through the Live Chat feature on our website at https://support.example-shop.com. We appreciate your understanding and are here to assist you every step of the way."
cs_neg_10,2026-05-02T22:01:20.000Z,user,"help me canceling purchase #107549"
cs_neg_10,2026-05-02T22:01:40.000Z,assistant,"I'm with you that you need assistance in canceling your purchase with the order number #107549. We're here to help alleviate any concerns you may have. To proceed with the cancellation, please follow these steps: 1. Sign in to Your Account: Access our platform by logging in to your Shopify merchant dashboard. 2. Locate Your Orders: Once logged in, navigate to the 'Orders page' or 'Orders page' section. 3. Identify Your Purchase: Look for the purchase associated with the order number #107549 and click on it for more details. 4. Initiate the Cancellation: You'll find an option labeled 'Orders page' linked to your purchase. Please select this to proceed. 5. Complete Any Further Steps: The system may require you to provide additional information or confirmation for the cancellation process. Please follow the instructions accordingly. Should you encounter any challenges or have further questions, our dedicated team is available during Mon–Fri 9:00 AM–6:00 PM EST at +1-800-555-0199. Alternatively, you can also reach out to us through the Live Chat feature on our https://support.example-shop.com. Rest assured, we're committed to ensuring your satisfaction throughout this process."
cs_neg_11,2026-05-02T23:00:00.000Z,user,"is it possible to cancel purchase #107550?"
cs_neg_11,2026-05-02T23:00:20.000Z,assistant,"I've been informed that you are seeking clarification on the possibility of canceling your purchase with the order number #107550. Rest assured, we are here to assist you with that. To proceed with the cancellation, please follow these steps: 1. Sign in to your Shopify merchant dashboard using your credentials. 2. Locate the 'Orders page' or 'Orders page' section on the platform. 3. Find the specific purchase with the order number #107550 and click on it for more details. 4. Look for the option 'Orders page' associated with the purchase and select it. 5. Follow any further prompts or instructions provided by the system to complete the cancellation process. If you encounter any challenges or have additional questions, our dedicated support team is available to assist you. Reach out to us during Mon–Fri 9:00 AM–6:00 PM EST at +1-800-555-0199 or utilize the Live Chat feature on our https://support.example-shop.com. We appreciate your trust in our services and will do our best to ensure your satisfaction."
cs_neg_11,2026-05-02T23:00:40.000Z,user,"help cancelling order #107550"
cs_neg_11,2026-05-02T23:01:00.000Z,assistant,"I've understood that you're seeking assistance with canceling your order with the order number #107550. We apologize for any inconvenience caused and we're here to help. To cancel your order, please follow these steps: 1. Sign in to your Shopify merchant dashboard using your credentials. 2. Go to your 'Orders page' or 'Orders page' section, where you can find a list of your previous orders. 3. Locate the order with the number #107550 and click on it to view the order details. 4. Look for the option to 'Orders page' and select it. 5. Please provide any additional information or feedback if requested. 6. A confirmation email will be sent to you once your order cancellation is processed. If you encounter any difficulties or have any questions along the way, please don't hesitate to reach out to our dedicated customer support team. You can contact us during Mon–Fri 9:00 AM–6:00 PM EST at +1-800-555-0199 or use the Live Chat feature on our https://support.example-shop.com. We're committed to providing you with excellent service and ensuring your satisfaction."
cs_neg_11,2026-05-02T23:01:20.000Z,user,"cancel order #107550"
cs_neg_11,2026-05-02T23:01:40.000Z,assistant,"I've realized that you want to cancel your order with the order number #107550. Our top priority is to provide you with a seamless cancellation experience. Here's what you need to do: 1. Sign in to Your Account: Begin by logging into your Shopify merchant dashboard using your credentials. 2. Access Your Order History: Once logged in, navigate to the 'Orders page' or 'Orders page' section. 3. Locate Your Order: Look for the purchase associated with the order number #107550 and click on it for more details. 4. Initiate the Cancellation Process: You will find a 'Orders page' option linked to your purchase. Please select it to initiate the cancellation. 5. Follow Any Additional Steps: The system may prompt you to confirm your cancellation or provide feedback. Please follow the instructions and complete any necessary steps. Should you encounter any difficulties during the cancellation process or require further assistance, please don't hesitate to reach out to our dedicated support team. You can contact us during Mon–Fri 9:00 AM–6:00 PM EST at +1-800-555-0199 or use the Live Chat feature on our https://support.example-shop.com. Your satisfaction is of utmost importance to us, and we are here to ensure that your cancellation request is successfully processed."
cs_neg_12,2026-05-03T00:00:00.000Z,user,"i want assistance tocancel order #107551"
cs_neg_12,2026-05-03T00:00:20.000Z,assistant,"I've deduced from your message that you're seeking assistance to cancel order #107551. I apologize for any inconvenience caused, and I'm here to help you through the process. Let's tackle this together: 1. **Sign in to Your Account**: Begin by accessing our platform, signing in to your Shopify merchant dashboard. 2. **Find Your Order**: Once you're logged in, navigate to the 'Orders page' or 'Orders page' section to locate the order with the given order number. 3. **Initiate the Cancellation**: Within the order details, you should see an option to 'Orders page' associated with it. Please click on that to start the cancellation process. 4. **Follow Any Additional Steps**: The system may prompt you to provide feedback or confirm your cancellation. Kindly complete any necessary steps as instructed. Should you encounter any challenges or have further questions, our dedicated team is available during Mon–Fri 9:00 AM–6:00 PM EST at +1-800-555-0199, or you can reach us through the Live Chat feature on our https://support.example-shop.com. Your satisfaction is our priority, and we're committed to ensuring a seamless experience for you."
cs_neg_12,2026-05-03T00:00:40.000Z,user,"I purchased some articles, cancel order #107551"
cs_neg_12,2026-05-03T00:01:00.000Z,assistant,"I acknowledge that you purchased some articles and now you would like to cancel order #107551. I apologize for any inconvenience this may have caused you. To cancel your order, please follow these steps: 1. Sign in to your account: Access our platform by logging into your Shopify merchant dashboard. 2. Navigate to your order history: Once logged in, find the section labeled ""Orders page"" or ""Orders page"". 3. Locate the specific order: Look for the order associated with the order number #107551 and select it. 4. Initiate cancellation: There should be an option labeled ""Orders page"" which you can click to begin the cancellation process. 5. Confirm cancellation: Our system may ask for confirmation or further details. Please provide the necessary information to complete the cancellation. If you encounter any difficulties or have any further questions, our dedicated team is available during Mon–Fri 9:00 AM–6:00 PM EST at +1-800-555-0199 or through the Live Chat feature on our website at https://support.example-shop.com. We appreciate your understanding and are here to assist you every step of the way."
cs_neg_12,2026-05-03T00:01:20.000Z,user,"i nee help to cancel order #107551"
cs_neg_12,2026-05-03T00:01:40.000Z,assistant,"I recognize that you need assistance with canceling your order with the order number #107551. We apologize for any inconvenience caused and we're here to help you with that. To cancel your order, please follow these steps: 1. Sign in to your account: Access our platform by signing in to your Shopify merchant dashboard. 2. Locate the order: Once you are logged in, navigate to the 'Orders page' or 'Orders page' section. 3. Find your order: Look for the order with the order number #107551 and click on it to view the details. 4. Initiate cancellation: Within the order details, you will find an option labeled 'Orders page.' Please select this option. 5. Complete the cancellation process: The system may prompt you with a few additional questions for confirmation. Please provide the required information to proceed with the cancellation. If you encounter any difficulties or have further questions along the way, our dedicated support team is available to assist you. You can reach us during Mon–Fri 9:00 AM–6:00 PM EST at +1-800-555-0199 or through the Live Chat feature on our https://support.example-shop.com. We appreciate your understanding and we are committed to ensuring your satisfaction with our service."
cs_neg_13,2026-05-03T01:00:00.000Z,user,"I can no longer pay for purchase #107552"
cs_neg_13,2026-05-03T01:00:20.000Z,assistant,"I understood that you can no longer proceed with the payment for purchase #107552, and I apologize for any inconvenience this may have caused. To assist you further, please follow these steps: 1. Sign into Your Account: Access our Shopify merchant dashboard by signing in to your account with your credentials. 2. Locate Your Orders: Once logged in, navigate to the 'Orders page' or 'Orders page' section to find your desired purchase. 3. Contact Customer Support: As this situation requires more personalized assistance, I recommend reaching out to our customer support team during Mon–Fri 9:00 AM–6:00 PM EST at +1-800-555-0199 or using the Live Chat feature on our https://support.example-shop.com. They will be able to guide you through the necessary steps and discuss possible solutions for your situation. We strive to ensure a seamless shopping experience for all our customers, and we appreciate your understanding."
cs_neg_13,2026-05-03T01:00:40.000Z,user,"canceling order #107552"
cs_neg_13,2026-05-03T01:01:00.000Z,assistant,"I've realized that you want to cancel your order with the order number #107552. I apologize for any inconvenience this may have caused you. To cancel your order, please follow these steps: 1. Log in to your Shopify merchant dashboard using your credentials. 2. Navigate to the 'Orders page' or 'Orders page' section. 3. Locate the specific order with the order number #107552. 4. Click on the order to access the order details. 5. Look for the option to 'Orders page' and click on it. 6. Follow any additional prompts or instructions to complete the cancellation. If you encounter any difficulties or have any questions during the cancellation process, our dedicated customer support team is available to assist you. You can reach us during Mon–Fri 9:00 AM–6:00 PM EST at +1-800-555-0199 or through the Live Chat feature on our website at https://support.example-shop.com. Your satisfaction is our priority, and we are here to ensure a seamless cancellation experience for you."
cs_neg_13,2026-05-03T01:01:20.000Z,user,"can you help me to cancel purchase #107552?"
cs_neg_13,2026-05-03T01:01:40.000Z,assistant,"I've realized that you're seeking assistance with canceling purchase #107552. I apologize for any inconvenience this may have caused you. To cancel your purchase, please follow these steps: 1. Sign into your account: Access our platform by logging into your Shopify merchant dashboard. 2. Navigate to your order history: Once logged in, proceed to the 'Orders page' or 'Orders page' section. 3. Locate your purchase: Look for the purchase associated with the order number #107552 and click on it for more details. 4. Initiate the cancellation: You should see a 'Orders page' option linked with your purchase. Please select this option to begin the cancellation process. 5. Complete any additional steps: The system may ask you to provide feedback or answer some questions. Please provide the necessary information to proceed with the cancellation. If you encounter any difficulties or have any questions along the way, our dedicated team is available to assist you. You can reach us during Mon–Fri 9:00 AM–6:00 PM EST at +1-800-555-0199 or through the Live Chat feature on our website at https://support.example-shop.com. We appreciate your understanding and thank you for choosing our services."
cs_neg_14,2026-05-03T02:00:00.000Z,user,"I don't want purchase #107553"
cs_neg_14,2026-05-03T02:00:20.000Z,assistant,"I pick up what you're putting down that you no longer want to proceed with your purchase of item #107553. I apologize for any inconvenience this may have caused. To assist you further, could you please provide me with your account details or order number associated with the purchase? This way, I can locate the specific purchase and guide you through the cancellation process more effectively. Thank you for your cooperation."
cs_neg_14,2026-05-03T02:00:40.000Z,user,"I have problems with canceling purchase #107553"
cs_neg_14,2026-05-03T02:01:00.000Z,assistant,"I've observed that you're encountering difficulties with canceling your purchase with the order number #107553, and I apologize for any inconvenience caused. Allow me to assist you in resolving this issue. To resolve the problem with canceling your purchase, please follow these steps: 1. Sign into Your Account: Access your Shopify merchant dashboard by logging in using your credentials. 2. Visit Order History: Once you're logged in, navigate to the 'Orders page' or 'Orders page' section on the website. 3. Locate the Purchase: Look for the purchase associated with the order number #107553 and click on it to view the details. 4. Seek Cancellation Option: Within the purchase details, you should find a specific option labeled 'Orders page'. Please select this option. 5. Confirm the Cancellation: The system may prompt you to confirm the cancellation and provide any additional feedback. Follow the prompts to proceed with the cancellation process. If you encounter any further issues or have any questions, our dedicated customer support team is available to assist you. You can reach us during Mon–Fri 9:00 AM–6:00 PM EST at +1-800-555-0199 or through the Live Chat feature on our https://support.example-shop.com. We appreciate your patience throughout this process, and we're committed to ensuring your satisfaction."
cs_neg_14,2026-05-03T02:01:20.000Z,user,"i dont want order #107553"
cs_neg_14,2026-05-03T02:01:40.000Z,assistant,"I'm with you, your decision not to proceed with your order for item #107553. Your satisfaction is our top priority, and we're here to assist you. To help you cancel your order, please follow these steps: 1. Access Your Account: Log in to your Shopify merchant dashboard using your credentials. 2. Locate Your Order: Navigate to the 'Orders page' or 'Orders page' section of your account. 3. Identify the Order: Look for the purchase associated with order number #107553 and click on it. 4. Initiate Cancellation: You should see a 'Orders page' option linked to your order. Please select it. 5. Confirm Cancellation: The system may ask for confirmation or further details related to the cancellation. Kindly provide the necessary information. If you encounter any difficulties or have more questions, our dedicated support team is available during Mon–Fri 9:00 AM–6:00 PM EST at +1-800-555-0199 or through the Live Chat feature on our website at https://support.example-shop.com. We appreciate your understanding and value your trust in our services."
cs_neg_15,2026-05-03T03:00:00.000Z,user,"i want assistance canceling order #107554"
cs_neg_15,2026-05-03T03:00:20.000Z,assistant,"I've realized you require assistance with canceling your order with the order number #107554. Rest assured, I'm here to guide you through the process. Here are the steps you need to follow: 1. Log in to Your Account: Access our platform by signing in to your Shopify merchant dashboard. 2. Navigate to Your Orders: Once logged in, locate the 'Orders page' or 'Orders page' tab. 3. Find Your Order: Within this section, identify the purchase associated with the order number #107554 and click on it. 4. Initiate Cancellation: You will see a 'Orders page' option linked to this purchase. Please select this. 5. Complete the Cancellation: If prompted, provide any necessary feedback or confirm your cancellation. If you encounter any difficulties or have further questions, do not hesitate to reach out to our dedicated team. We are available during Mon–Fri 9:00 AM–6:00 PM EST at +1-800-555-0199, or you can make use of the Live Chat feature on our https://support.example-shop.com. Your satisfaction is our priority, and we're committed to ensuring a seamless experience for you."
cs_neg_15,2026-05-03T03:00:40.000Z,user,"want help to cancel order #107554"
cs_neg_15,2026-05-03T03:01:00.000Z,assistant,"I fathom that you're seeking assistance with canceling your order associated with the purchase number #107554. Rest assured, I'm here to help you with that. To initiate the cancellation process, please follow these steps: 1. Log into Your Account: Access our platform by signing in to your Shopify merchant dashboard. 2. Navigate to Order Details: Once logged in, go to the 'Orders page' or 'Orders page' section. 3. Find Your Order: Look for the purchase linked to the order number #107554. Click on it for more information. 4. Cancel the Order: You'll see an option labeled 'Orders page' associated with your purchase. Select this to begin the cancellation process. 5. Complete the Necessary Steps: The system might ask you some questions or require additional information to proceed. Please provide the requested details accurately. If you encounter any difficulties during this process or have any other questions, our dedicated support team is available to assist you. Feel free to reach out during Mon–Fri 9:00 AM–6:00 PM EST at +1-800-555-0199 or via Live Chat on our https://support.example-shop.com. Your satisfaction is our priority, and we're committed to providing the support you need."
cs_neg_15,2026-05-03T03:01:20.000Z,user,"I purchased some items, cancel order #107554"
cs_neg_15,2026-05-03T03:01:40.000Z,assistant,"I comprehend that you've recently made a purchase and now wish to cancel order #107554. I apologize for any inconvenience this may cause. To assist you with canceling your order, please follow these steps: 1. Sign in to Your Account: Start by logging into your Shopify merchant dashboard. This will give you access to your order details. 2. Locate Your Order: Once you're logged in, navigate to the 'Orders page' or 'Orders page' section to find the specific purchase you want to cancel. 3. Cancel Your Order: Look for the option labeled 'Orders page' next to the order number #107554. Click on it to initiate the cancellation process. 4. Confirm Cancellation: The system may ask you to confirm your decision and provide feedback. Please follow the instructions and complete the necessary steps to finalize the cancellation process. Should you encounter any difficulties or have further questions, please don't hesitate to reach out to our dedicated customer support team. They are available during Mon–Fri 9:00 AM–6:00 PM EST at +1-800-555-0199 or through the Live Chat feature on our website at https://support.example-shop.com. We genuinely appreciate your understanding and are here to ensure your satisfaction with our service."
cs_neg_16,2026-05-03T04:00:00.000Z,user,"help me cancel purchase #107555"
cs_neg_16,2026-05-03T04:00:20.000Z,assistant,"I completely understand the urgency and the need for immediate assistance in canceling your purchase with the order number #107555. Rest assured, I'm here to guide you through the process smoothly. Here's what you can do: 1. Access Your Account: Start by logging into your Shopify merchant dashboard using your credentials. 2. Locate Your Orders: Once logged in, navigate to the 'Orders page' or 'Orders page' section. 3. Find the Purchase: Look for the specific purchase associated with the order number #107555 and click on it. 4. Initiate the Cancellation: Within the purchase details, you should find an option labeled 'Orders page'. Please select it. 5. Follow Any Prompts: The system might require you to provide additional confirmation or feedback. Kindly follow the instructions presented. In case you encounter any difficulties or have further questions, our dedicated team is available during Mon–Fri 9:00 AM–6:00 PM EST at +1-800-555-0199 or through the Live Chat feature on our https://support.example-shop.com. Your satisfaction is our priority, and we'll do everything we can to assist you in canceling your purchase successfully."
cs_neg_16,2026-05-03T04:00:40.000Z,user,"I dp not know how to cancel order #107555"
cs_neg_16,2026-05-03T04:01:00.000Z,assistant,"I've grasped that you're unsure about how to cancel your order with the number #107555. I'm here to help you through the process. To cancel your order, follow these steps: 1. Sign in to your account: Access our platform by logging into your Shopify merchant dashboard. 2. Navigate to ""Order History"" or ""My Orders"": Once logged in, locate the section that displays your past orders. 3. Find the specific order: Look for the order with the number #107555 and click on it. 4. Initiate the cancellation: Look for the option labeled ""Cancel Order"" associated with your purchase and select it. 5. Follow any additional instructions: The system may ask you for further details or confirmation. Please provide the necessary information to proceed with the cancellation. If you encounter any difficulties or have any questions along the way, our dedicated team is available to assist you. You can reach out to us during Mon–Fri 9:00 AM–6:00 PM EST at +1-800-555-0199 or use the Live Chat feature on our https://support.example-shop.com. We are committed to ensuring your satisfaction and providing the necessary support throughout the cancellation process."
cs_neg_16,2026-05-03T04:01:20.000Z,user,"i can no longer arford purchase #107555"
cs_neg_16,2026-05-03T04:01:40.000Z,assistant,"I gather that you are facing financial constraints and are unable to afford the purchase with the order number #107555. We apologize for any inconvenience caused. To assist you further with the cancellation process, please follow these steps: 1. Sign into Your Account: Go to our Shopify merchant dashboard and log in using your credentials. 2. Locate Your Order: Navigate to the 'Orders page' or 'Orders page' section. 3. Find the Specific Purchase: Look for the purchase associated with the order number #107555 and click on it. 4. Initiate Cancellation: There should be an option labeled 'Orders page' or similar. Please select that to begin the cancellation process. 5. Follow Any Additional Instructions: Depending on the products or services, there might be additional steps or information required. Please provide the necessary details as requested. If you encounter any difficulties or have any questions along the way, our dedicated customer support team is available during Mon–Fri 9:00 AM–6:00 PM EST at +1-800-555-0199. You can also reach out to us through the Live Chat on our https://support.example-shop.com. We value your satisfaction and will do our best to assist you with canceling your purchase."
cs_neg_17,2026-05-03T05:00:00.000Z,user,"I nee assistance to cancel purchase #107556"
cs_neg_17,2026-05-03T05:00:20.000Z,assistant,"I've got that you need assistance with canceling your purchase with the order number #107556. Please allow me to guide you through the cancellation process. To cancel your purchase: 1. Log into your Shopify merchant dashboard using your credentials. 2. Navigate to the 'Orders page' or 'Orders page' section. 3. Look for the purchase associated with the order number #107556 and click on it. 4. Within the order details, you should find an option labeled 'Orders page'. Please select this option to initiate the cancellation process. 5. Follow any additional prompts or instructions provided by the system to complete the cancellation. If you encounter any difficulties or have further questions, our dedicated team is here to assist you. You can reach us during Mon–Fri 9:00 AM–6:00 PM EST at +1-800-555-0199 or utilize the Live Chat feature on our https://support.example-shop.com. Your satisfaction is our top priority, and we're committed to resolving this matter for you."
cs_neg_17,2026-05-03T05:00:40.000Z,user,"help cancelling purchase #107556"
cs_neg_17,2026-05-03T05:01:00.000Z,assistant,"I perceive that you're looking for assistance with canceling your purchase of item #107556. I apologize for any inconvenience this may have caused you. To cancel your purchase, please follow these steps: 1. Sign in to your account: Visit our Shopify merchant dashboard and log in using your credentials. 2. Access your order history: Once you're logged in, navigate to the 'Orders page' or 'Orders page' section. 3. Locate the purchase: Find the item with the order number #107556 and click on it to view the details. 4. Initiate the cancellation process: Look for the 'Orders page' option associated with your purchase and select it. 5. Confirm the cancellation: The system may ask you to confirm your cancellation. Please provide the necessary details as prompted. 6. Seek assistance if needed: If you encounter any difficulties or have further questions, our dedicated support team is available Mon–Fri 9:00 AM–6:00 PM EST to guide you through the process. You can reach us at +1-800-555-0199 or through the Live Chat feature on our https://support.example-shop.com. We value your satisfaction, and we're here to assist you every step of the way."
cs_neg_17,2026-05-03T05:01:20.000Z,user,"I want assistance canceling purchase #107556"
cs_neg_17,2026-05-03T05:01:40.000Z,assistant,"I understand the importance of canceling purchase #107556 for you. To initiate the cancellation process, please follow these steps: 1. Log into your customer account on our platform. 2. Navigate to the 'Order History' or 'My Orders' section. 3. Locate the purchase with the order number #107556 and click on it. 4. Look for the 'Cancel Order' option associated with the purchase and select it. 5. Follow any additional instructions provided by the system to complete the cancellation. If you encounter any issues or have any further questions, our dedicated team is available during Mon–Fri 9:00 AM–6:00 PM EST at +1-800-555-0199 or through the Live Chat on our website at https://support.example-shop.com. We are committed to providing you with the assistance you need and ensuring your satisfaction with our services."
cs_neg_18,2026-05-03T06:00:00.000Z,user,"can you help me to cancel purchase #107557?"
cs_neg_18,2026-05-03T06:00:20.000Z,assistant,"I've understood you're seeking assistance in canceling your purchase of the item with the order number #107557. I'm here to guide you through the process and make it as smooth as possible. Here's what you need to do: 1. Sign in to Your Account: Access our platform by logging in to your Shopify merchant dashboard. 2. Locate Your Order: Once you're logged in, navigate to the 'Orders page' or 'Orders page' section. 3. Find the Relevant Purchase: Look for the order with the number #107557 and click on it for more details. 4. Initiate the Cancellation: You'll see an option labeled 'Orders page' associated with your purchase. Please select it. 5. Follow Any Further Instructions: The system might require you to provide a reason for cancellation or give feedback. Please follow the prompts and complete the necessary steps. If you encounter any difficulties or have more questions during the process, our dedicated team is available to assist you. Reach out to us during Mon–Fri 9:00 AM–6:00 PM EST at +1-800-555-0199 or use the Live Chat feature on our https://support.example-shop.com. We appreciate your understanding and we're committed to ensuring your satisfaction."
cs_neg_18,2026-05-03T06:00:40.000Z,user,"need assistance witgh cancelling order #107557"
cs_neg_18,2026-05-03T06:01:00.000Z,assistant,"I see your need for assistance in canceling your order with the number #107557. Our goal is to provide you with a seamless experience throughout the cancellation process. Here are the steps you can follow: 1. Sign in to Your Account: To initiate the cancellation process, please sign in to your Shopify merchant dashboard. 2. Navigate to Your Orders: Once you're logged in, locate the 'Orders page' or 'Orders page' section. 3. Locate Your Order: Look for the order associated with the number #107557 and click on it. 4. Request Cancellation: Within the order details, you should find an option to 'Orders page'. Proceed with selecting this option. 5. Confirm and Complete: The system may require you to confirm the cancellation and provide any additional details. Please follow the prompts and complete the cancellation process. If you encounter any difficulties throughout the process or have any further questions, please don't hesitate to reach out to our dedicated team. You can contact us during Mon–Fri 9:00 AM–6:00 PM EST at +1-800-555-0199 or connect with us through the Live Chat feature on our https://support.example-shop.com. We are committed to ensuring your satisfaction and will be glad to assist you every step of the way."
cs_neg_18,2026-05-03T06:01:20.000Z,user,"can you help me cancelling purchase #107557?"
cs_neg_18,2026-05-03T06:01:40.000Z,assistant,"Assuredly! I understand that you need assistance with canceling your purchase with the order number #107557. We're here to help you through the process seamlessly. To cancel your purchase, please follow these steps: 1. Sign into your account: Access our platform by logging into your Shopify merchant dashboard. 2. Navigate to your order history: Once logged in, find the section called 'Orders page' or 'Orders page'. 3. Locate the specific purchase: Look for the purchase associated with the order number #107557 and click on it. 4. Initiate the cancellation: You should see an option labeled 'Orders page'. Please select this option. 5. Provide any necessary feedback: The system might ask you to provide a reason for cancellation or any feedback. Please complete this step. If you encounter any difficulties or have further questions, our dedicated team is available to assist you. You can reach out to us during Mon–Fri 9:00 AM–6:00 PM EST at +1-800-555-0199, or you may use the Live Chat feature on our https://support.example-shop.com. We appreciate your trust in our service and are committed to ensuring your satisfaction."
cs_neg_19,2026-05-03T07:00:00.000Z,user,"how can i cancel purchase #107558"
cs_neg_19,2026-05-03T07:00:20.000Z,assistant,"I've deduced from your message that you need assistance with canceling purchase #107558, and I'm here to guide you through the process. To cancel your purchase, please follow these steps: 1. Log into Your Account: Access our platform by signing in to your Shopify merchant dashboard. 2. Navigate to Your Orders: Once you're logged in, go to the 'Orders page' or 'Orders page' section. 3. Find Your Purchase: Look for the purchase associated with the order number #107558. Click on it to view the details. 4. Initiate Cancellation: Within the purchase details, you should see an option labeled 'Orders page'. Please select this option. 5. Confirm Cancellation: The system might ask for confirmation or additional information. Please provide the necessary details to complete the cancellation process. If you encounter any issues or have any further questions, our dedicated team is available during Mon–Fri 9:00 AM–6:00 PM EST at +1-800-555-0199. You can also connect with us through the Live Chat feature on our https://support.example-shop.com. We are committed to assisting you and ensuring your satisfaction with our service."
cs_neg_19,2026-05-03T07:00:40.000Z,user,"I need assistance canceling purchase #107558"
cs_neg_19,2026-05-03T07:01:00.000Z,assistant,"I hear you loud and clear your need for assistance in canceling your purchase with the order number #107558. Your satisfaction is our top priority, and I'm here to help you through the process. To cancel your purchase, please follow these simple steps: 1. Log in to your Shopify merchant dashboard using your credentials. 2. Navigate to your 'Orders page' or 'Orders page' section. You should find a list of your recent purchases. 3. Locate the purchase with the order number #107558 and click on it to access the details. 4. Look for the 'Orders page' option associated with the purchase and click on it. 5. Follow any additional prompts or confirmations to complete the cancellation process. If you encounter any difficulties or have any questions along the way, our dedicated support team is available to assist you during Mon–Fri 9:00 AM–6:00 PM EST. You can reach us at +1-800-555-0199 or through the Live Chat feature on our https://support.example-shop.com. Rest assured, we are committed to resolving this matter swiftly and ensuring your complete satisfaction. Thank you for choosing our service, and we appreciate your understanding."
cs_neg_19,2026-05-03T07:01:20.000Z,user,"i want assistance to cancel order #107558"
cs_neg_19,2026-05-03T07:01:40.000Z,assistant,"I understood that you're seeking assistance to cancel your order with the order number #107558, and I'm here to help you. Cancelling an order can sometimes be a complex process, but don't worry, I'll guide you through it step by step to ensure a smooth cancellation experience: 1. Sign into Your Account: Start by logging into your Shopify merchant dashboard using your registered email address and password. 2. Access Your Orders: Once you're logged in, navigate to the 'Orders page' or 'Orders page' section, where you can find a record of all your past orders. 3. Locate the Relevant Order: In the list of orders, look for the order with the number #107558. You may find the order number on the order confirmation email or in your order details. 4. Initiate the Cancellation: Click on the order and look for the option to 'Orders page' or 'Orders page'. Select this option to proceed with canceling the order. 5. Follow Any Additional Steps: Depending on the specific policies and procedures of our company, you may be required to provide a reason for cancellation or answer a few additional questions. Please complete these steps as instructed. 6. Confirmation and Refund: After successfully cancelling your order, you will receive a confirmation email, and if applicable, your refund will be processed according to our refund policy. If you encounter any difficulties or have further questions during the cancellation process, our dedicated customer support team is available to assist you. You can reach out to them during Mon–Fri 9:00 AM–6:00 PM EST at +1-800-555-0199 or through the Live Chat feature on our website at https://support.example-shop.com. Your satisfaction is our top priority, and we're committed to providing you with the best possible assistance to fulfill your cancellation request."
cs_neg_20,2026-05-03T08:00:00.000Z,user,"i dont know how to cancel order #107580"
cs_neg_20,2026-05-03T08:00:20.000Z,assistant,"No worries, I'm here to assist you with canceling your order with the number #107580. To cancel your order, please follow these steps: 1. Sign in to Your Account: Visit our Shopify merchant dashboard and log in using your credentials. 2. Access Your Orders: Once logged in, navigate to the 'Orders page' or 'Orders page' section. 3. Locate the Order: Look for the order with the order number #107580. Click on it to view the details. 4. Initiate Cancellation: Within the order details page, you should find an option labeled 'Orders page'. Please select this option. 5. Confirm the Cancellation: The system may ask you to confirm your cancellation. Follow the prompts to complete the process. If you encounter any difficulties or have further questions, our dedicated support team is just a phone call away. You can reach us during Mon–Fri 9:00 AM–6:00 PM EST at +1-800-555-0199 or through the Live Chat feature on our website at https://support.example-shop.com. We're here to help you every step of the way."
cs_neg_20,2026-05-03T08:00:40.000Z,user,"what do I have to do to cancel purchase #107580?"
cs_neg_20,2026-05-03T08:01:00.000Z,assistant,"I perceive that you're looking for guidance on canceling purchase #107580. Taking the following steps will help you cancel your purchase seamlessly: 1. Access Your Account: Begin by logging into your Shopify merchant dashboard. 2. Navigate to Order History: Once you're logged in, find the section labeled ""Orders page"" or ""Orders page"". 3. Locate Your Purchase: Look for the purchase with the order number #107580 and click on it to view the details. 4. Initiate Cancellation: Within the purchase details, you should see an option to ""Orders page"". Please select this option. 5. Confirm and Complete: The system may ask you to confirm your cancellation and provide any necessary feedback. Please follow the prompts to complete the cancellation process. If you encounter any challenges along the way or have any questions, our dedicated support team is available during Mon–Fri 9:00 AM–6:00 PM EST at +1-800-555-0199 or through the Live Chat feature on our https://support.example-shop.com. We value your satisfaction and are here to assist you every step of the way."
cs_neg_20,2026-05-03T08:01:20.000Z,user,"how do I cancel purchae #107580?"
cs_neg_20,2026-05-03T08:01:40.000Z,assistant,"I comprehend that you're seeking guidance on canceling purchase #107580. To facilitate the cancellation process, please follow these steps: 1. Access Your Account: Log in to your Shopify merchant dashboard using your credentials. 2. Locate Your Order: Navigate to the 'Orders page' or 'Orders page' section, where you can find an overview of your purchases. 3. Identify the Specific Purchase: Look for the purchase linked to order number #107580. 4. Initiate the Cancellation: Click on the purchase, and within the order details, you should find the 'Orders page' option. Select it to proceed. 5. Confirm and Complete: Follow any additional prompts from the system to confirm the cancellation. Make sure to review all the details before finalizing the process. If you encounter any difficulties or have further questions, our dedicated support team is available to assist you. You can reach out during Mon–Fri 9:00 AM–6:00 PM EST at +1-800-555-0199 or use the Live Chat feature on our https://support.example-shop.com. We genuinely appreciate your patience and are committed to ensuring your satisfaction with our service."
cs_neg_21,2026-05-03T09:00:00.000Z,user,"can ya help me cancel purchase #107581"
cs_neg_21,2026-05-03T09:00:20.000Z,assistant,"Sure! I'm here to assist you in canceling your purchase with the reference number #107581. I understand the importance of your request and I'll ensure that the cancellation process is as smooth as possible. Here's what you need to do: 1. Sign into Your Account: Access our platform by logging into your Shopify merchant dashboard. 2. Locate Your Order: Once you're logged in, navigate to the 'Orders page' or 'Orders page' section. 3. Find Your Purchase: Look for the purchase associated with order number #107581 and click on it for more details. 4. Initiate the Cancellation: Within the order details, you should find an option labeled 'Orders page'. Please select this to begin the cancellation process. 5. Provide Feedback (if required): The system may prompt you for feedback or additional information related to the cancellation. Kindly provide any requested details. If you encounter any difficulties or have any further questions, please don't hesitate to reach out. Our dedicated team is available during Mon–Fri 9:00 AM–6:00 PM EST at +1-800-555-0199 or through the Live Chat feature on our website at https://support.example-shop.com. Your satisfaction is our top priority, and we're committed to assisting you every step of the way."
cs_neg_21,2026-05-03T09:00:40.000Z,user,"i need assistance to cancel purchase #107581"
cs_neg_21,2026-05-03T09:01:00.000Z,assistant,"I'm attuned to the idea that you're looking for assistance with canceling your purchase with the order number #107581. I apologize for any inconvenience this has caused, and I'm here to help you through the process. Here's what you can do to cancel your purchase: 1. Log into your Shopify merchant dashboard. 2. Navigate to the 'Orders page' or 'Orders page' section. 3. Locate the purchase with the order number #107581. 4. Look for the option labeled 'Orders page' associated with your purchase and select it. 5. Follow any additional instructions or prompts to complete the cancellation. If you encounter any issues or have further questions, feel free to reach out to our dedicated team. You can contact us during Mon–Fri 9:00 AM–6:00 PM EST at +1-800-555-0199 or through the Live Chat on our website at https://support.example-shop.com. We are committed to ensuring your satisfaction and will be glad to assist you."
cs_neg_21,2026-05-03T09:01:20.000Z,user,"i dont want purchase #107581"
cs_neg_21,2026-05-03T09:01:40.000Z,assistant,"I truly understand that you no longer want to proceed with your purchase with the purchase number #107581. We're here to assist you with the cancellation process. To cancel your purchase, please follow these steps: 1. Sign into Your Account: Log in to our Shopify merchant dashboard using your credentials. 2. Access Your Order History: Navigate to the 'Orders page' or 'My orders' section of your account. 3. Locate the Relevant Purchase: Look for the purchase associated with the purchase number #107581 and click on it. 4. Initiate the Cancellation: Within the purchase details, you should see an option labeled 'Cancel order'. Select that to start the cancellation process. 5. Complete Any Required Steps: The system may ask you to provide a reason for cancellation or any additional information. Please follow the prompts and provide the necessary details. If you encounter any difficulties or have any further questions, our dedicated support team is available during Mon–Fri 9:00 AM–6:00 PM EST at +1-800-555-0199. You can also reach out through the Live Chat feature on our website at https://support.example-shop.com. We appreciate your understanding, and we're committed to ensuring your satisfaction with our services."
cs_neg_22,2026-05-03T10:00:00.000Z,user,"help canceling purchase #107582"
cs_neg_22,2026-05-03T10:00:20.000Z,assistant,"I can sense that you need help canceling purchase #107582. It's important to us that you have a seamless experience with canceling your purchase, so let me guide you through the process: 1. Sign into Your Account: Begin by logging into your Shopify merchant dashboard. 2. Locate Your Order: Navigate to the 'Orders page' or 'Orders page' section within your account. 3. Find the Relevant Purchase: Look for the purchase associated with the order number #107582, and click on it for more details. 4. Initiate the Cancellation: Within the purchase details, you should find an option labeled 'Orders page'. Please select it to start the cancellation process. 5. Follow Any Additional Steps: Depending on the specific product or service, there may be additional steps to confirm the cancellation. Please provide any necessary information or feedback as prompted. If you encounter any difficulties or have any further questions, our dedicated support team is available during Mon–Fri 9:00 AM–6:00 PM EST. You can reach us by dialing +1-800-555-0199, or you can also engage with us through the Live Chat on our website at https://support.example-shop.com. We're here to assist you every step of the way and ensure your satisfaction."
cs_neg_22,2026-05-03T10:00:40.000Z,user,"have a question abut canceling purchase #107582"
cs_neg_22,2026-05-03T10:01:00.000Z,assistant,"I appreciate you reaching out to us with your question about canceling purchase #107582. I'm here to assist you. Feel free to ask your question or share any concerns you have, and I'll do my best to provide you with the information and guidance you need to proceed with canceling your purchase successfully. Remember, your satisfaction is our top priority."
cs_neg_22,2026-05-03T10:01:20.000Z,user,"I can't pay for purchase #107582"
cs_neg_22,2026-05-03T10:01:40.000Z,assistant,"I can sense that you're unable to complete the payment for purchase #107582, and I'm here to assist you with resolving this issue. To ensure a seamless payment process, please try the following steps: 1. Review Payment Method: Double-check that the payment method you're using is valid and has sufficient funds to complete the transaction. 2. Check Payment Settings: Verify that your payment settings are correctly configured and that there are no restrictions or blocks in place. 3. Clear Browser Cache: Sometimes, clearing your browser cache can resolve any temporary issues that may be affecting the payment process. Try clearing your cache and attempting the payment again. 4. Use Alternate Payment Method: If the issue persists, consider using an alternative payment method, such as a different credit card or an online payment service, if available. 5. Contact Customer Support: If none of the above steps resolve the issue, please reach out to our dedicated customer support team. They have the necessary expertise to assist you further and can provide specific guidance tailored to your situation. Should you encounter any further difficulties or have additional questions, we're here to lend a helping hand. Feel free to contact us during Mon–Fri 9:00 AM–6:00 PM EST at +1-800-555-0199 or through the Live Chat feature on our https://support.example-shop.com. Rest assured, we'll do everything we can to ensure a successful payment process for your purchase."
cs_neg_23,2026-05-03T11:00:00.000Z,user,"problems with cancelling purchase #107583"
cs_neg_23,2026-05-03T11:00:20.000Z,assistant,"I'm sorry to hear that you're experiencing difficulties with canceling your purchase with the order number #107583. I apologize for any inconvenience this may have caused. Allow me to assist you in resolving this issue promptly. To better understand the problems you're facing, could you please provide more information about the specific challenges you encountered while trying to cancel your purchase? Did you encounter any error messages or experience any issues with the cancellation process? By gathering more details, I can offer you tailored solutions and guide you through the cancellation process step-by-step, ensuring that your concerns are addressed effectively. Your satisfaction is our priority, and I'm here to ensure that we provide the necessary support to resolve this matter to your fullest satisfaction."
cs_neg_23,2026-05-03T11:00:40.000Z,user,"I have to cancel purchase #107583"
cs_neg_23,2026-05-03T11:01:00.000Z,assistant,"I get that you need to cancel purchase #107583. We apologize for the inconvenience this may have caused. To assist you with the cancellation process, please follow these steps: 1. Access Your Account: Log in to your merchant account using your credentials. 2. Locate Your Purchase: Navigate to your 'Orders page' or 'Orders page' section. 3. Find the Purchase Details: Look for the purchase with the order number #107583. 4. Initiate the Cancellation: Click on the 'Orders page' option associated with this purchase. 5. Follow Any Additional Instructions: If prompted, complete any further steps or provide feedback. If you encounter any difficulties or have any further questions, please don't hesitate to reach out to our dedicated customer support team. You can contact us during Mon–Fri 9:00 AM–6:00 PM EST at +1-800-555-0199 or use the Live Chat feature on our website at https://support.example-shop.com. We appreciate your understanding and cooperation in this matter, and we're committed to ensuring your satisfaction with our service."
cs_neg_23,2026-05-03T11:01:20.000Z,user,"where do I cancel purchase #107583?"
cs_neg_23,2026-05-03T11:01:40.000Z,assistant,"I pick up what you're putting down that you're looking for the location to cancel your purchase with the purchase number #107583. Allow me to guide you: To cancel your purchase, please follow these steps: 1. Sign into Your Account: Access our Shopify merchant dashboard by logging in with your credentials. 2. Navigate to Your Orders: Once you're logged in, locate the 'Orders page' or 'Orders page' section. 3. Find Your Purchase: Within this section, search for the purchase associated with the purchase number #107583 and click on it. 4. Initiate Cancellation: Look for the 'Cancel order' or 'Orders page' option and select it. 5. Confirm the Cancellation: The system may ask for confirmation. Please read the instructions carefully and proceed accordingly. If you encounter any difficulties or have additional questions during the cancellation process, our dedicated support team is available during Mon–Fri 9:00 AM–6:00 PM EST at +1-800-555-0199 or through the Live Chat feature on our website at https://support.example-shop.com. We are committed to ensuring your satisfaction, and we appreciate your trust in us."
cs_neg_24,2026-05-03T12:00:00.000Z,user,"I do not want the item I purchased, can I cancel the order?"
cs_neg_24,2026-05-03T12:00:20.000Z,assistant,"I'm following your situation and the desire to cancel your order because you no longer want the item you purchased. We are here to assist you with the cancellation process. To cancel your order, please follow these steps: 1. Access Your Account: Log in to your Shopify merchant dashboard using your username and password. 2. Navigate to Your Orders: Once you are logged in, go to the 'Orders page' or 'Orders page' section. 3. Identify the Order: Look for the order that contains the item you no longer want. 4. Initiate Cancellation: Within the order details, you should find an option labeled 'Orders page'. Click on it to start the cancellation process. 5. Confirm Cancellation: The system may ask you to confirm your decision before proceeding. Please provide the necessary confirmation. If you encounter any difficulties or have additional questions, our dedicated team is available to assist you during Mon–Fri 9:00 AM–6:00 PM EST. You can reach us by phone at +1-800-555-0199 or through the Live Chat feature on our https://support.example-shop.com. We want to ensure your satisfaction and will do our utmost to assist you throughout the cancellation process."
cs_neg_24,2026-05-03T12:00:40.000Z,user,"how could I cancel purchase #107584?"
cs_neg_24,2026-05-03T12:01:00.000Z,assistant,"I'm cognizant of the fact that you need assistance with canceling purchase #107584. We're here to help! Please follow these steps to cancel your purchase: 1. Sign In to Your Account: Start by logging into your Shopify merchant dashboard. 2. Access Your Order History: Once you're logged in, go to the 'Orders page' or 'Orders page' section. 3. Locate the Purchase: Look for the purchase associated with the order number #107584 and click on it. 4. Initiate the Cancellation: Within the purchase details, you should find an option to 'Cancel order'. Please select it. 5. Confirm the Cancellation: The system might ask you to confirm the cancellation and provide additional details. Follow the prompts to complete the cancellation process. If you face any difficulties or have further questions, our dedicated support team is available Mon–Fri 9:00 AM–6:00 PM EST. Feel free to reach out to us at +1-800-555-0199 or via Live Chat on our https://support.example-shop.com. We are committed to resolving your concerns and ensuring your satisfaction."
cs_neg_24,2026-05-03T12:01:20.000Z,user,"I need help cancelling purchase #107584"
cs_neg_24,2026-05-03T12:01:40.000Z,assistant,"I've picked up that you're seeking assistance with canceling your purchase tied to the order number #107584. Our goal is to provide you with the necessary guidance to resolve this matter promptly. Here's what you can do: 1. **Access Your Account**: Begin by signing in to your Shopify merchant dashboard. 2. **Visit Your Order History**: Within your account, navigate to the 'Orders page' or 'Orders page' section. 3. **Locate the Purchase**: Look for the purchase linked to your order number, which is #107584. Click on it for additional details. 4. **Initiate Cancellation**: Look for the option labeled 'Orders page' associated with your purchase. Please select it to start the cancellation process. 5. **Confirm or Provide Feedback**: The system might request your confirmation or feedback to finalize the cancellation effectively. Kindly follow the instructions provided. Should you encounter any challenges or have further queries, our dedicated team is standing by to assist you during Mon–Fri 9:00 AM–6:00 PM EST at +1-800-555-0199. You can also utilize the Live Chat feature on our https://support.example-shop.com for real-time support. Your satisfaction is our top priority, and we appreciate your trust in our services."
cs_neg_25,2026-05-03T13:00:00.000Z,user,"can you help me canceling purchase #107585?"
cs_neg_25,2026-05-03T13:00:20.000Z,assistant,"I'll get right on it! I'm here to provide you with the assistance you need to cancel your purchase with order number #107585. Let's go through the process together: 1. Log in to Your Account: Begin by accessing our platform and signing in to your Shopify merchant dashboard. 2. Navigate to Your Orders: Once you're logged in, find your way to the 'Orders page' or 'Orders page' section. 3. Locate Your Purchase: Look for the purchase associated with order number #107585. Click on it for more details. 4. Initiate the Cancellation: Within the purchase details, you will find an option labeled 'Orders page'. Please select it to begin the cancellation process. 5. Follow Any Additional Steps: There might be further instructions or questions to confirm the cancellation. Make sure to complete them as instructed. If you encounter any difficulties or have any questions along the way, our dedicated team is ready to assist you. Reach out to us during Mon–Fri 9:00 AM–6:00 PM EST at +1-800-555-0199, or use the Live Chat feature on our https://support.example-shop.com for immediate support. Your satisfaction is our top priority, and we appreciate your trust in us."
cs_neg_25,2026-05-03T13:00:40.000Z,user,"need help with cancelling purchase #107585"
cs_neg_25,2026-05-03T13:01:00.000Z,assistant,"I've decoded that you're seeking assistance with canceling your purchase of order number #107585. I apologize for any inconvenience this may have caused you. To cancel your purchase, please follow these steps: 1. Sign in to your account: Visit our platform and log in using your credentials. 2. Go to your order history: Once you're signed in, navigate to the ""Orders page"" or ""Orders page"" section. 3. Locate your purchase: Find the purchase associated with the order number #107585 and click on it. 4. Initiate the cancellation: On the purchase page, you'll find an option labeled ""Orders page"". Please select this option to proceed with the cancellation. 5. Confirm your cancellation: The system may prompt you to provide a reason for cancellation or ask for additional feedback. Please complete the required steps to finalize the cancellation process. If you encounter any difficulties during the cancellation process or have any further questions, our dedicated customer support team is available to assist you. You can reach us during Mon–Fri 9:00 AM–6:00 PM EST at +1-800-555-0199 or through the Live Chat on our website at https://support.example-shop.com. We appreciate your understanding and patience, and we're here to ensure your satisfaction."
cs_neg_25,2026-05-03T13:01:20.000Z,user,"I want assistance cancelling purchase #107585"
cs_neg_25,2026-05-03T13:01:40.000Z,assistant,"I realized, you need assistance with canceling purchase #107585. I apologize for any inconvenience this may have caused you. Rest assured, I'm here to guide you through the process and ensure a smooth cancellation experience. To cancel your purchase, please follow these steps: 1. Sign in to your account: Access our platform by logging in to your Shopify merchant dashboard. 2. Navigate to your order history: Once logged in, go to the 'Orders page' or 'Orders page' section. 3. Locate the purchase: Look for the specific purchase linked to the order number #107585 and click on it to view the details. 4. Initiate the cancellation: You will find an option labeled 'Orders page'. Please select this option to initiate the cancellation process. 5. Confirm the cancellation: The system may ask you to confirm your cancellation or provide feedback to improve our service. Kindly complete any necessary steps to finalize the cancellation. If you encounter any difficulties during the process or have any further questions, please don't hesitate to reach out to our dedicated support team. We are available during Mon–Fri 9:00 AM–6:00 PM EST at +1-800-555-0199 or through the Live Chat feature on our https://support.example-shop.com. Your satisfaction is our top priority, and we are committed to assisting you every step of the way."
